difficulty,strategy,stamina_level,starting_stamina,final_score,success_rate,stamina_used,stamina_remaining
easy,conservative,low,20,0,0.0,0,20
easy,conservative,low,20,0,0.0,0,20
easy,conservative,low,20,0,0.0,0,20
easy,conservative,low,20,0,0.0,0,20
easy,conservative,low,20,0,0.0,0,20
easy,conservative,low,20,0,0.0,0,20
easy,conservative,low,20,0,0.0,0,20
easy,conservative,low,20,0,0.0,0,20
easy,conservative,low,20,0,0.0,0,20
easy,conservative,low,20,0,0.0,0,20
easy,conservative,low,20,0,0.0,0,20
easy,conservative,low,20,0,0.0,0,20
easy,conservative,low,20,0,0.0,0,20
easy,conservative,low,20,0,0.0,0,20
easy,conservative,low,20,0,0.0,0,20
easy,conservative,low,20,0,0.0,0,20
easy,conservative,low,20,0,0.0,0,20
easy,conservative,low,20,0,0.0,0,20
easy,conservative,low,20,0,0.0,0,20
easy,conservative,low,20,0,0.0,0,20
easy,conservative,low,20,0,0.0,0,20
easy,conservative,low,20,0,0.0,0,20
easy,conservative,low,20,0,0.0,0,20
easy,conservative,low,20,0,0.0,0,20
easy,conservative,low,20,0,0.0,0,20
easy,conservative,low,20,0,0.0,0,20
easy,conservative,low,20,0,0.0,0,20
easy,conservative,low,20,0,0.0,0,20
easy,conservative,low,20,0,0.0,0,20
easy,conservative,low,20,0,0.0,0,20
easy,conservative,low,20,0,0.0,0,20
easy,conservative,low,20,0,0.0,0,20
easy,conservative,low,20,0,0.0,0,20
easy,conservative,low,20,0,0.0,0,20
easy,conservative,low,20,0,0.0,0,20
easy,conservative,low,20,0,0.0,0,20
easy,conservative,low,20,0,0.0,0,20
easy,conservative,low,20,0,0.0,0,20
easy,conservative,low,20,0,0.0,0,20
easy,conservative,low,20,0,0.0,0,20
easy,conservative,low,20,0,0.0,0,20
easy,conservative,low,20,0,0.0,0,20
easy,conservative,low,20,0,0.0,0,20
easy,conservative,low,20,0,0.0,0,20
easy,conservative,low,20,0,0.0,0,20
easy,conservative,low,20,0,0.0,0,20
easy,conservative,low,20,0,0.0,0,20
easy,conservative,low,20,0,0.0,0,20
easy,conservative,low,20,0,0.0,0,20
easy,conservative,low,20,0,0.0,0,20
easy,conservative,low,20,0,0.0,0,20
easy,conservative,low,20,0,0.0,0,20
easy,conservative,low,20,0,0.0,0,20
easy,conservative,low,20,0,0.0,0,20
easy,conservative,low,20,0,0.0,0,20
easy,conservative,low,20,0,0.0,0,20
easy,conservative,low,20,0,0.0,0,20
easy,conservative,low,20,0,0.0,0,20
easy,conservative,low,20,0,0.0,0,20
easy,conservative,low,20,0,0.0,0,20
easy,conservative,low,20,0,0.0,0,20
easy,conservative,low,20,0,0.0,0,20
easy,conservative,low,20,0,0.0,0,20
easy,conservative,low,20,0,0.0,0,20
easy,conservative,low,20,0,0.0,0,20
easy,conservative,low,20,0,0.0,0,20
easy,conservative,low,20,0,0.0,0,20
easy,conservative,low,20,0,0.0,0,20
easy,conservative,low,20,0,0.0,0,20
easy,conservative,low,20,0,0.0,0,20
easy,conservative,low,20,0,0.0,0,20
easy,conservative,low,20,0,0.0,0,20
easy,conservative,low,20,0,0.0,0,20
easy,conservative,low,20,0,0.0,0,20
easy,conservative,low,20,0,0.0,0,20
easy,conservative,low,20,0,0.0,0,20
easy,conservative,low,20,0,0.0,0,20
easy,conservative,low,20,0,0.0,0,20
easy,conservative,low,20,0,0.0,0,20
easy,conservative,low,20,0,0.0,0,20
easy,conservative,low,20,0,0.0,0,20
easy,conservative,low,20,0,0.0,0,20
easy,conservative,low,20,0,0.0,0,20
easy,conservative,low,20,0,0.0,0,20
easy,conservative,low,20,0,0.0,0,20
easy,conservative,low,20,0,0.0,0,20
easy,conservative,low,20,0,0.0,0,20
easy,conservative,low,20,0,0.0,0,20
easy,conservative,low,20,0,0.0,0,20
easy,conservative,low,20,0,0.0,0,20
easy,conservative,low,20,0,0.0,0,20
easy,conservative,low,20,0,0.0,0,20
easy,conservative,low,20,0,0.0,0,20
easy,conservative,low,20,0,0.0,0,20
easy,conservative,low,20,0,0.0,0,20
easy,conservative,low,20,0,0.0,0,20
easy,conservative,low,20,0,0.0,0,20
easy,conservative,low,20,0,0.0,0,20
easy,conservative,low,20,0,0.0,0,20
easy,conservative,low,20,0,0.0,0,20
easy,aggressive,low,20,0,0.0,20,0
easy,aggressive,low,20,40,0.1,20,0
easy,aggressive,low,20,40,0.1,20,0
easy,aggressive,low,20,40,0.1,20,0
easy,aggressive,low,20,40,0.1,20,0
easy,aggressive,low,20,40,0.1,20,0
easy,aggressive,low,20,40,0.1,20,0
easy,aggressive,low,20,40,0.1,20,0
easy,aggressive,low,20,40,0.1,20,0
easy,aggressive,low,20,20,0.05,20,0
easy,aggressive,low,20,20,0.05,20,0
easy,aggressive,low,20,40,0.1,20,0
easy,aggressive,low,20,40,0.1,20,0
easy,aggressive,low,20,40,0.1,20,0
easy,aggressive,low,20,40,0.1,20,0
easy,aggressive,low,20,40,0.1,20,0
easy,aggressive,low,20,40,0.1,20,0
easy,aggressive,low,20,40,0.1,20,0
easy,aggressive,low,20,40,0.1,20,0
easy,aggressive,low,20,40,0.1,20,0
easy,aggressive,low,20,40,0.1,20,0
easy,aggressive,low,20,40,0.1,20,0
easy,aggressive,low,20,40,0.1,20,0
easy,aggressive,low,20,40,0.1,20,0
easy,aggressive,low,20,40,0.1,20,0
easy,aggressive,low,20,40,0.1,20,0
easy,aggressive,low,20,40,0.1,20,0
easy,aggressive,low,20,40,0.1,20,0
easy,aggressive,low,20,40,0.1,20,0
easy,aggressive,low,20,20,0.05,20,0
easy,aggressive,low,20,40,0.1,20,0
easy,aggressive,low,20,40,0.1,20,0
easy,aggressive,low,20,40,0.1,20,0
easy,aggressive,low,20,40,0.1,20,0
easy,aggressive,low,20,40,0.1,20,0
easy,aggressive,low,20,40,0.1,20,0
easy,aggressive,low,20,40,0.1,20,0
easy,aggressive,low,20,40,0.1,20,0
easy,aggressive,low,20,40,0.1,20,0
easy,aggressive,low,20,20,0.05,20,0
easy,aggressive,low,20,40,0.1,20,0
easy,aggressive,low,20,40,0.1,20,0
easy,aggressive,low,20,40,0.1,20,0
easy,aggressive,low,20,40,0.1,20,0
easy,aggressive,low,20,40,0.1,20,0
easy,aggressive,low,20,40,0.1,20,0
easy,aggressive,low,20,40,0.1,20,0
easy,aggressive,low,20,40,0.1,20,0
easy,aggressive,low,20,40,0.1,20,0
easy,aggressive,low,20,20,0.05,20,0
easy,aggressive,low,20,40,0.1,20,0
easy,aggressive,low,20,40,0.1,20,0
easy,aggressive,low,20,40,0.1,20,0
easy,aggressive,low,20,40,0.1,20,0
easy,aggressive,low,20,40,0.1,20,0
easy,aggressive,low,20,40,0.1,20,0
easy,aggressive,low,20,40,0.1,20,0
easy,aggressive,low,20,40,0.1,20,0
easy,aggressive,low,20,40,0.1,20,0
easy,aggressive,low,20,40,0.1,20,0
easy,aggressive,low,20,40,0.1,20,0
easy,aggressive,low,20,40,0.1,20,0
easy,aggressive,low,20,40,0.1,20,0
easy,aggressive,low,20,40,0.1,20,0
easy,aggressive,low,20,40,0.1,20,0
easy,aggressive,low,20,40,0.1,20,0
easy,aggressive,low,20,40,0.1,20,0
easy,aggressive,low,20,40,0.1,20,0
easy,aggressive,low,20,40,0.1,20,0
easy,aggressive,low,20,40,0.1,20,0
easy,aggressive,low,20,40,0.1,20,0
easy,aggressive,low,20,40,0.1,20,0
easy,aggressive,low,20,20,0.05,20,0
easy,aggressive,low,20,40,0.1,20,0
easy,aggressive,low,20,40,0.1,20,0
easy,aggressive,low,20,40,0.1,20,0
easy,aggressive,low,20,40,0.1,20,0
easy,aggressive,low,20,40,0.1,20,0
easy,aggressive,low,20,40,0.1,20,0
easy,aggressive,low,20,40,0.1,20,0
easy,aggressive,low,20,40,0.1,20,0
easy,aggressive,low,20,40,0.1,20,0
easy,aggressive,low,20,40,0.1,20,0
easy,aggressive,low,20,40,0.1,20,0
easy,aggressive,low,20,40,0.1,20,0
easy,aggressive,low,20,40,0.1,20,0
easy,aggressive,low,20,40,0.1,20,0
easy,aggressive,low,20,40,0.1,20,0
easy,aggressive,low,20,40,0.1,20,0
easy,aggressive,low,20,40,0.1,20,0
easy,aggressive,low,20,40,0.1,20,0
easy,aggressive,low,20,40,0.1,20,0
easy,aggressive,low,20,40,0.1,20,0
easy,aggressive,low,20,40,0.1,20,0
easy,aggressive,low,20,40,0.1,20,0
easy,aggressive,low,20,40,0.1,20,0
easy,aggressive,low,20,40,0.1,20,0
easy,aggressive,low,20,40,0.1,20,0
easy,aggressive,low,20,40,0.1,20,0
easy,aggressive,low,20,40,0.1,20,0
easy,risk_taking,low,20,45,0.1,20,0
easy,risk_taking,low,20,45,0.1,20,0
easy,risk_taking,low,20,45,0.1,20,0
easy,risk_taking,low,20,45,0.1,20,0
easy,risk_taking,low,20,45,0.1,20,0
easy,risk_taking,low,20,45,0.1,20,0
easy,risk_taking,low,20,45,0.1,20,0
easy,risk_taking,low,20,45,0.1,20,0
easy,risk_taking,low,20,45,0.1,20,0
easy,risk_taking,low,20,45,0.1,20,0
easy,risk_taking,low,20,45,0.1,20,0
easy,risk_taking,low,20,45,0.1,20,0
easy,risk_taking,low,20,45,0.1,20,0
easy,risk_taking,low,20,45,0.1,20,0
easy,risk_taking,low,20,45,0.1,20,0
easy,risk_taking,low,20,45,0.1,20,0
easy,risk_taking,low,20,10,0.05,20,0
easy,risk_taking,low,20,10,0.05,20,0
easy,risk_taking,low,20,45,0.1,20,0
easy,risk_taking,low,20,45,0.1,20,0
easy,risk_taking,low,20,45,0.1,20,0
easy,risk_taking,low,20,45,0.1,20,0
easy,risk_taking,low,20,10,0.05,20,0
easy,risk_taking,low,20,10,0.05,20,0
easy,risk_taking,low,20,10,0.05,20,0
easy,risk_taking,low,20,45,0.1,20,0
easy,risk_taking,low,20,45,0.1,20,0
easy,risk_taking,low,20,45,0.1,20,0
easy,risk_taking,low,20,45,0.1,20,0
easy,risk_taking,low,20,45,0.1,20,0
easy,risk_taking,low,20,45,0.1,20,0
easy,risk_taking,low,20,45,0.1,20,0
easy,risk_taking,low,20,45,0.1,20,0
easy,risk_taking,low,20,45,0.1,20,0
easy,risk_taking,low,20,45,0.1,20,0
easy,risk_taking,low,20,45,0.1,20,0
easy,risk_taking,low,20,45,0.1,20,0
easy,risk_taking,low,20,10,0.05,20,0
easy,risk_taking,low,20,10,0.05,20,0
easy,risk_taking,low,20,45,0.1,20,0
easy,risk_taking,low,20,45,0.1,20,0
easy,risk_taking,low,20,10,0.05,20,0
easy,risk_taking,low,20,45,0.1,20,0
easy,risk_taking,low,20,45,0.1,20,0
easy,risk_taking,low,20,45,0.1,20,0
easy,risk_taking,low,20,45,0.1,20,0
easy,risk_taking,low,20,10,0.05,20,0
easy,risk_taking,low,20,45,0.1,20,0
easy,risk_taking,low,20,45,0.1,20,0
easy,risk_taking,low,20,45,0.1,20,0
easy,risk_taking,low,20,45,0.1,20,0
easy,risk_taking,low,20,45,0.1,20,0
easy,risk_taking,low,20,45,0.1,20,0
easy,risk_taking,low,20,45,0.1,20,0
easy,risk_taking,low,20,45,0.1,20,0
easy,risk_taking,low,20,45,0.1,20,0
easy,risk_taking,low,20,45,0.1,20,0
easy,risk_taking,low,20,10,0.05,20,0
easy,risk_taking,low,20,45,0.1,20,0
easy,risk_taking,low,20,45,0.1,20,0
easy,risk_taking,low,20,45,0.1,20,0
easy,risk_taking,low,20,45,0.1,20,0
easy,risk_taking,low,20,45,0.1,20,0
easy,risk_taking,low,20,45,0.1,20,0
easy,risk_taking,low,20,45,0.1,20,0
easy,risk_taking,low,20,45,0.1,20,0
easy,risk_taking,low,20,45,0.1,20,0
easy,risk_taking,low,20,45,0.1,20,0
easy,risk_taking,low,20,45,0.1,20,0
easy,risk_taking,low,20,45,0.1,20,0
easy,risk_taking,low,20,45,0.1,20,0
easy,risk_taking,low,20,45,0.1,20,0
easy,risk_taking,low,20,45,0.1,20,0
easy,risk_taking,low,20,45,0.1,20,0
easy,risk_taking,low,20,45,0.1,20,0
easy,risk_taking,low,20,45,0.1,20,0
easy,risk_taking,low,20,45,0.1,20,0
easy,risk_taking,low,20,45,0.1,20,0
easy,risk_taking,low,20,45,0.1,20,0
easy,risk_taking,low,20,45,0.1,20,0
easy,risk_taking,low,20,45,0.1,20,0
easy,risk_taking,low,20,45,0.1,20,0
easy,risk_taking,low,20,10,0.05,20,0
easy,risk_taking,low,20,45,0.1,20,0
easy,risk_taking,low,20,45,0.1,20,0
easy,risk_taking,low,20,45,0.1,20,0
easy,risk_taking,low,20,10,0.05,20,0
easy,risk_taking,low,20,45,0.1,20,0
easy,risk_taking,low,20,45,0.1,20,0
easy,risk_taking,low,20,45,0.1,20,0
easy,risk_taking,low,20,45,0.1,20,0
easy,risk_taking,low,20,45,0.1,20,0
easy,risk_taking,low,20,45,0.1,20,0
easy,risk_taking,low,20,45,0.1,20,0
easy,risk_taking,low,20,45,0.1,20,0
easy,risk_taking,low,20,45,0.1,20,0
easy,risk_taking,low,20,45,0.1,20,0
easy,risk_taking,low,20,45,0.1,20,0
easy,risk_taking,low,20,45,0.1,20,0
easy,risk_taking,low,20,45,0.1,20,0
easy,balanced,low,20,40,0.2,20,0
easy,balanced,low,20,40,0.2,20,0
easy,balanced,low,20,40,0.2,20,0
easy,balanced,low,20,40,0.2,20,0
easy,balanced,low,20,40,0.2,20,0
easy,balanced,low,20,40,0.2,20,0
easy,balanced,low,20,40,0.2,20,0
easy,balanced,low,20,40,0.2,20,0
easy,balanced,low,20,40,0.2,20,0
easy,balanced,low,20,40,0.2,20,0
easy,balanced,low,20,40,0.2,20,0
easy,balanced,low,20,40,0.2,20,0
easy,balanced,low,20,40,0.2,20,0
easy,balanced,low,20,40,0.2,20,0
easy,balanced,low,20,40,0.2,20,0
easy,balanced,low,20,40,0.2,20,0
easy,balanced,low,20,40,0.2,20,0
easy,balanced,low,20,40,0.2,20,0
easy,balanced,low,20,40,0.2,20,0
easy,balanced,low,20,40,0.2,20,0
easy,balanced,low,20,40,0.2,20,0
easy,balanced,low,20,40,0.2,20,0
easy,balanced,low,20,40,0.2,20,0
easy,balanced,low,20,40,0.2,20,0
easy,balanced,low,20,40,0.2,20,0
easy,balanced,low,20,40,0.2,20,0
easy,balanced,low,20,40,0.2,20,0
easy,balanced,low,20,40,0.2,20,0
easy,balanced,low,20,40,0.2,20,0
easy,balanced,low,20,40,0.2,20,0
easy,balanced,low,20,40,0.2,20,0
easy,balanced,low,20,40,0.2,20,0
easy,balanced,low,20,40,0.2,20,0
easy,balanced,low,20,40,0.2,20,0
easy,balanced,low,20,40,0.2,20,0
easy,balanced,low,20,40,0.2,20,0
easy,balanced,low,20,40,0.2,20,0
easy,balanced,low,20,40,0.2,20,0
easy,balanced,low,20,40,0.2,20,0
easy,balanced,low,20,40,0.2,20,0
easy,balanced,low,20,40,0.2,20,0
easy,balanced,low,20,40,0.2,20,0
easy,balanced,low,20,40,0.2,20,0
easy,balanced,low,20,40,0.2,20,0
easy,balanced,low,20,40,0.2,20,0
easy,balanced,low,20,40,0.2,20,0
easy,balanced,low,20,40,0.2,20,0
easy,balanced,low,20,40,0.2,20,0
easy,balanced,low,20,40,0.2,20,0
easy,balanced,low,20,40,0.2,20,0
easy,balanced,low,20,40,0.2,20,0
easy,balanced,low,20,40,0.2,20,0
easy,balanced,low,20,40,0.2,20,0
easy,balanced,low,20,40,0.2,20,0
easy,balanced,low,20,40,0.2,20,0
easy,balanced,low,20,40,0.2,20,0
easy,balanced,low,20,40,0.2,20,0
easy,balanced,low,20,40,0.2,20,0
easy,balanced,low,20,40,0.2,20,0
easy,balanced,low,20,40,0.2,20,0
easy,balanced,low,20,40,0.2,20,0
easy,balanced,low,20,40,0.2,20,0
easy,balanced,low,20,40,0.2,20,0
easy,balanced,low,20,40,0.2,20,0
easy,balanced,low,20,40,0.2,20,0
easy,balanced,low,20,40,0.2,20,0
easy,balanced,low,20,40,0.2,20,0
easy,balanced,low,20,40,0.2,20,0
easy,balanced,low,20,40,0.2,20,0
easy,balanced,low,20,40,0.2,20,0
easy,balanced,low,20,40,0.2,20,0
easy,balanced,low,20,40,0.2,20,0
easy,balanced,low,20,40,0.2,20,0
easy,balanced,low,20,40,0.2,20,0
easy,balanced,low,20,40,0.2,20,0
easy,balanced,low,20,40,0.2,20,0
easy,balanced,low,20,40,0.2,20,0
easy,balanced,low,20,40,0.2,20,0
easy,balanced,low,20,40,0.2,20,0
easy,balanced,low,20,40,0.2,20,0
easy,balanced,low,20,40,0.2,20,0
easy,balanced,low,20,40,0.2,20,0
easy,balanced,low,20,40,0.2,20,0
easy,balanced,low,20,40,0.2,20,0
easy,balanced,low,20,40,0.2,20,0
easy,balanced,low,20,40,0.2,20,0
easy,balanced,low,20,40,0.2,20,0
easy,balanced,low,20,40,0.2,20,0
easy,balanced,low,20,40,0.2,20,0
easy,balanced,low,20,40,0.2,20,0
easy,balanced,low,20,40,0.2,20,0
easy,balanced,low,20,40,0.2,20,0
easy,balanced,low,20,40,0.2,20,0
easy,balanced,low,20,40,0.2,20,0
easy,balanced,low,20,40,0.2,20,0
easy,balanced,low,20,40,0.2,20,0
easy,balanced,low,20,40,0.2,20,0
easy,balanced,low,20,40,0.2,20,0
easy,balanced,low,20,40,0.2,20,0
easy,balanced,low,20,40,0.2,20,0
easy,conservative,medium,50,20,0.1,10,40
easy,conservative,medium,50,20,0.1,10,40
easy,conservative,medium,50,20,0.1,10,40
easy,conservative,medium,50,20,0.1,10,40
easy,conservative,medium,50,20,0.1,10,40
easy,conservative,medium,50,20,0.1,10,40
easy,conservative,medium,50,20,0.1,10,40
easy,conservative,medium,50,20,0.1,10,40
easy,conservative,medium,50,20,0.1,10,40
easy,conservative,medium,50,20,0.1,10,40
easy,conservative,medium,50,20,0.1,10,40
easy,conservative,medium,50,20,0.1,10,40
easy,conservative,medium,50,20,0.1,10,40
easy,conservative,medium,50,20,0.1,10,40
easy,conservative,medium,50,20,0.1,10,40
easy,conservative,medium,50,20,0.1,10,40
easy,conservative,medium,50,20,0.1,10,40
easy,conservative,medium,50,20,0.1,10,40
easy,conservative,medium,50,20,0.1,10,40
easy,conservative,medium,50,20,0.1,10,40
easy,conservative,medium,50,20,0.1,10,40
easy,conservative,medium,50,20,0.1,10,40
easy,conservative,medium,50,20,0.1,10,40
easy,conservative,medium,50,20,0.1,10,40
easy,conservative,medium,50,20,0.1,10,40
easy,conservative,medium,50,20,0.1,10,40
easy,conservative,medium,50,20,0.1,10,40
easy,conservative,medium,50,20,0.1,10,40
easy,conservative,medium,50,20,0.1,10,40
easy,conservative,medium,50,20,0.1,10,40
easy,conservative,medium,50,20,0.1,10,40
easy,conservative,medium,50,20,0.1,10,40
easy,conservative,medium,50,20,0.1,10,40
easy,conservative,medium,50,20,0.1,10,40
easy,conservative,medium,50,20,0.1,10,40
easy,conservative,medium,50,20,0.1,10,40
easy,conservative,medium,50,20,0.1,10,40
easy,conservative,medium,50,20,0.1,10,40
easy,conservative,medium,50,20,0.1,10,40
easy,conservative,medium,50,20,0.1,10,40
easy,conservative,medium,50,20,0.1,10,40
easy,conservative,medium,50,20,0.1,10,40
easy,conservative,medium,50,20,0.1,10,40
easy,conservative,medium,50,20,0.1,10,40
easy,conservative,medium,50,20,0.1,10,40
easy,conservative,medium,50,20,0.1,10,40
easy,conservative,medium,50,20,0.1,10,40
easy,conservative,medium,50,20,0.1,10,40
easy,conservative,medium,50,20,0.1,10,40
easy,conservative,medium,50,20,0.1,10,40
easy,conservative,medium,50,20,0.1,10,40
easy,conservative,medium,50,20,0.1,10,40
easy,conservative,medium,50,20,0.1,10,40
easy,conservative,medium,50,20,0.1,10,40
easy,conservative,medium,50,20,0.1,10,40
easy,conservative,medium,50,20,0.1,10,40
easy,conservative,medium,50,20,0.1,10,40
easy,conservative,medium,50,20,0.1,10,40
easy,conservative,medium,50,20,0.1,10,40
easy,conservative,medium,50,20,0.1,10,40
easy,conservative,medium,50,20,0.1,10,40
easy,conservative,medium,50,20,0.1,10,40
easy,conservative,medium,50,20,0.1,10,40
easy,conservative,medium,50,20,0.1,10,40
easy,conservative,medium,50,20,0.1,10,40
easy,conservative,medium,50,20,0.1,10,40
easy,conservative,medium,50,20,0.1,10,40
easy,conservative,medium,50,20,0.1,10,40
easy,conservative,medium,50,20,0.1,10,40
easy,conservative,medium,50,20,0.1,10,40
easy,conservative,medium,50,20,0.1,10,40
easy,conservative,medium,50,20,0.1,10,40
easy,conservative,medium,50,20,0.1,10,40
easy,conservative,medium,50,20,0.1,10,40
easy,conservative,medium,50,20,0.1,10,40
easy,conservative,medium,50,20,0.1,10,40
easy,conservative,medium,50,20,0.1,10,40
easy,conservative,medium,50,20,0.1,10,40
easy,conservative,medium,50,20,0.1,10,40
easy,conservative,medium,50,20,0.1,10,40
easy,conservative,medium,50,20,0.1,10,40
easy,conservative,medium,50,20,0.1,10,40
easy,conservative,medium,50,20,0.1,10,40
easy,conservative,medium,50,20,0.1,10,40
easy,conservative,medium,50,20,0.1,10,40
easy,conservative,medium,50,20,0.1,10,40
easy,conservative,medium,50,20,0.1,10,40
easy,conservative,medium,50,20,0.1,10,40
easy,conservative,medium,50,20,0.1,10,40
easy,conservative,medium,50,20,0.1,10,40
easy,conservative,medium,50,20,0.1,10,40
easy,conservative,medium,50,20,0.1,10,40
easy,conservative,medium,50,20,0.1,10,40
easy,conservative,medium,50,20,0.1,10,40
easy,conservative,medium,50,20,0.1,10,40
easy,conservative,medium,50,20,0.1,10,40
easy,conservative,medium,50,20,0.1,10,40
easy,conservative,medium,50,20,0.1,10,40
easy,conservative,medium,50,20,0.1,10,40
easy,conservative,medium,50,20,0.1,10,40
easy,aggressive,medium,50,100,0.25,50,0
easy,aggressive,medium,50,100,0.25,50,0
easy,aggressive,medium,50,100,0.25,50,0
easy,aggressive,medium,50,100,0.25,50,0
easy,aggressive,medium,50,100,0.25,50,0
easy,aggressive,medium,50,100,0.25,50,0
easy,aggressive,medium,50,100,0.25,50,0
easy,aggressive,medium,50,100,0.25,50,0
easy,aggressive,medium,50,100,0.25,50,0
easy,aggressive,medium,50,100,0.25,50,0
easy,aggressive,medium,50,100,0.25,50,0
easy,aggressive,medium,50,100,0.25,50,0
easy,aggressive,medium,50,100,0.25,50,0
easy,aggressive,medium,50,100,0.25,50,0
easy,aggressive,medium,50,100,0.25,50,0
easy,aggressive,medium,50,100,0.25,50,0
easy,aggressive,medium,50,100,0.25,50,0
easy,aggressive,medium,50,100,0.25,50,0
easy,aggressive,medium,50,100,0.25,50,0
easy,aggressive,medium,50,100,0.25,50,0
easy,aggressive,medium,50,100,0.25,50,0
easy,aggressive,medium,50,100,0.25,50,0
easy,aggressive,medium,50,100,0.25,50,0
easy,aggressive,medium,50,100,0.25,50,0
easy,aggressive,medium,50,100,0.25,50,0
easy,aggressive,medium,50,100,0.25,50,0
easy,aggressive,medium,50,100,0.25,50,0
easy,aggressive,medium,50,100,0.25,50,0
easy,aggressive,medium,50,100,0.25,50,0
easy,aggressive,medium,50,100,0.25,50,0
easy,aggressive,medium,50,80,0.2,50,0
easy,aggressive,medium,50,100,0.25,50,0
easy,aggressive,medium,50,100,0.25,50,0
easy,aggressive,medium,50,100,0.25,50,0
easy,aggressive,medium,50,100,0.25,50,0
easy,aggressive,medium,50,80,0.2,50,0
easy,aggressive,medium,50,100,0.25,50,0
easy,aggressive,medium,50,100,0.25,50,0
easy,aggressive,medium,50,100,0.25,50,0
easy,aggressive,medium,50,100,0.25,50,0
easy,aggressive,medium,50,100,0.25,50,0
easy,aggressive,medium,50,100,0.25,50,0
easy,aggressive,medium,50,100,0.25,50,0
easy,aggressive,medium,50,100,0.25,50,0
easy,aggressive,medium,50,100,0.25,50,0
easy,aggressive,medium,50,80,0.2,50,0
easy,aggressive,medium,50,100,0.25,50,0
easy,aggressive,medium,50,100,0.25,50,0
easy,aggressive,medium,50,100,0.25,50,0
easy,aggressive,medium,50,100,0.25,50,0
easy,aggressive,medium,50,100,0.25,50,0
easy,aggressive,medium,50,100,0.25,50,0
easy,aggressive,medium,50,100,0.25,50,0
easy,aggressive,medium,50,100,0.25,50,0
easy,aggressive,medium,50,100,0.25,50,0
easy,aggressive,medium,50,100,0.25,50,0
easy,aggressive,medium,50,100,0.25,50,0
easy,aggressive,medium,50,100,0.25,50,0
easy,aggressive,medium,50,100,0.25,50,0
easy,aggressive,medium,50,100,0.25,50,0
easy,aggressive,medium,50,100,0.25,50,0
easy,aggressive,medium,50,100,0.25,50,0
easy,aggressive,medium,50,100,0.25,50,0
easy,aggressive,medium,50,100,0.25,50,0
easy,aggressive,medium,50,100,0.25,50,0
easy,aggressive,medium,50,100,0.25,50,0
easy,aggressive,medium,50,100,0.25,50,0
easy,aggressive,medium,50,100,0.25,50,0
easy,aggressive,medium,50,100,0.25,50,0
easy,aggressive,medium,50,80,0.2,50,0
easy,aggressive,medium,50,100,0.25,50,0
easy,aggressive,medium,50,100,0.25,50,0
easy,aggressive,medium,50,80,0.2,50,0
easy,aggressive,medium,50,100,0.25,50,0
easy,aggressive,medium,50,100,0.25,50,0
easy,aggressive,medium,50,80,0.2,50,0
easy,aggressive,medium,50,100,0.25,50,0
easy,aggressive,medium,50,100,0.25,50,0
easy,aggressive,medium,50,100,0.25,50,0
easy,aggressive,medium,50,100,0.25,50,0
easy,aggressive,medium,50,100,0.25,50,0
easy,aggressive,medium,50,100,0.25,50,0
easy,aggressive,medium,50,100,0.25,50,0
easy,aggressive,medium,50,100,0.25,50,0
easy,aggressive,medium,50,100,0.25,50,0
easy,aggressive,medium,50,100,0.25,50,0
easy,aggressive,medium,50,100,0.25,50,0
easy,aggressive,medium,50,100,0.25,50,0
easy,aggressive,medium,50,100,0.25,50,0
easy,aggressive,medium,50,100,0.25,50,0
easy,aggressive,medium,50,100,0.25,50,0
easy,aggressive,medium,50,100,0.25,50,0
easy,aggressive,medium,50,100,0.25,50,0
easy,aggressive,medium,50,100,0.25,50,0
easy,aggressive,medium,50,100,0.25,50,0
easy,aggressive,medium,50,80,0.2,50,0
easy,aggressive,medium,50,100,0.25,50,0
easy,aggressive,medium,50,100,0.25,50,0
easy,aggressive,medium,50,80,0.2,50,0
easy,aggressive,medium,50,100,0.25,50,0
easy,risk_taking,medium,50,80,0.15,50,0
easy,risk_taking,medium,50,80,0.15,50,0
easy,risk_taking,medium,50,80,0.15,50,0
easy,risk_taking,medium,50,45,0.1,50,0
easy,risk_taking,medium,50,115,0.2,50,0
easy,risk_taking,medium,50,80,0.15,50,0
easy,risk_taking,medium,50,115,0.2,50,0
easy,risk_taking,medium,50,115,0.2,50,0
easy,risk_taking,medium,50,115,0.2,50,0
easy,risk_taking,medium,50,115,0.2,50,0
easy,risk_taking,medium,50,115,0.2,50,0
easy,risk_taking,medium,50,115,0.2,50,0
easy,risk_taking,medium,50,115,0.2,50,0
easy,risk_taking,medium,50,115,0.2,50,0
easy,risk_taking,medium,50,115,0.2,50,0
easy,risk_taking,medium,50,115,0.2,50,0
easy,risk_taking,medium,50,80,0.15,50,0
easy,risk_taking,medium,50,115,0.2,50,0
easy,risk_taking,medium,50,80,0.15,50,0
easy,risk_taking,medium,50,115,0.2,50,0
easy,risk_taking,medium,50,115,0.2,50,0
easy,risk_taking,medium,50,80,0.15,50,0
easy,risk_taking,medium,50,80,0.15,50,0
easy,risk_taking,medium,50,115,0.2,50,0
easy,risk_taking,medium,50,115,0.2,50,0
easy,risk_taking,medium,50,115,0.2,50,0
easy,risk_taking,medium,50,115,0.2,50,0
easy,risk_taking,medium,50,115,0.2,50,0
easy,risk_taking,medium,50,115,0.2,50,0
easy,risk_taking,medium,50,115,0.2,50,0
easy,risk_taking,medium,50,80,0.15,50,0
easy,risk_taking,medium,50,115,0.2,50,0
easy,risk_taking,medium,50,115,0.2,50,0
easy,risk_taking,medium,50,115,0.2,50,0
easy,risk_taking,medium,50,115,0.2,50,0
easy,risk_taking,medium,50,115,0.2,50,0
easy,risk_taking,medium,50,45,0.1,50,0
easy,risk_taking,medium,50,45,0.1,50,0
easy,risk_taking,medium,50,80,0.15,50,0
easy,risk_taking,medium,50,115,0.2,50,0
easy,risk_taking,medium,50,80,0.15,50,0
easy,risk_taking,medium,50,115,0.2,50,0
easy,risk_taking,medium,50,115,0.2,50,0
easy,risk_taking,medium,50,115,0.2,50,0
easy,risk_taking,medium,50,115,0.2,50,0
easy,risk_taking,medium,50,115,0.2,50,0
easy,risk_taking,medium,50,80,0.15,50,0
easy,risk_taking,medium,50,80,0.15,50,0
easy,risk_taking,medium,50,80,0.15,50,0
easy,risk_taking,medium,50,115,0.2,50,0
easy,risk_taking,medium,50,115,0.2,50,0
easy,risk_taking,medium,50,80,0.15,50,0
easy,risk_taking,medium,50,115,0.2,50,0
easy,risk_taking,medium,50,115,0.2,50,0
easy,risk_taking,medium,50,115,0.2,50,0
easy,risk_taking,medium,50,115,0.2,50,0
easy,risk_taking,medium,50,115,0.2,50,0
easy,risk_taking,medium,50,115,0.2,50,0
easy,risk_taking,medium,50,115,0.2,50,0
easy,risk_taking,medium,50,115,0.2,50,0
easy,risk_taking,medium,50,80,0.15,50,0
easy,risk_taking,medium,50,80,0.15,50,0
easy,risk_taking,medium,50,115,0.2,50,0
easy,risk_taking,medium,50,80,0.15,50,0
easy,risk_taking,medium,50,115,0.2,50,0
easy,risk_taking,medium,50,115,0.2,50,0
easy,risk_taking,medium,50,115,0.2,50,0
easy,risk_taking,medium,50,45,0.1,50,0
easy,risk_taking,medium,50,115,0.2,50,0
easy,risk_taking,medium,50,115,0.2,50,0
easy,risk_taking,medium,50,80,0.15,50,0
easy,risk_taking,medium,50,80,0.15,50,0
easy,risk_taking,medium,50,45,0.1,50,0
easy,risk_taking,medium,50,45,0.1,50,0
easy,risk_taking,medium,50,80,0.15,50,0
easy,risk_taking,medium,50,80,0.15,50,0
easy,risk_taking,medium,50,80,0.15,50,0
easy,risk_taking,medium,50,115,0.2,50,0
easy,risk_taking,medium,50,80,0.15,50,0
easy,risk_taking,medium,50,115,0.2,50,0
easy,risk_taking,medium,50,115,0.2,50,0
easy,risk_taking,medium,50,45,0.1,50,0
easy,risk_taking,medium,50,80,0.15,50,0
easy,risk_taking,medium,50,115,0.2,50,0
easy,risk_taking,medium,50,115,0.2,50,0
easy,risk_taking,medium,50,115,0.2,50,0
easy,risk_taking,medium,50,115,0.2,50,0
easy,risk_taking,medium,50,80,0.15,50,0
easy,risk_taking,medium,50,115,0.2,50,0
easy,risk_taking,medium,50,10,0.05,50,0
easy,risk_taking,medium,50,115,0.2,50,0
easy,risk_taking,medium,50,115,0.2,50,0
easy,risk_taking,medium,50,45,0.1,50,0
easy,risk_taking,medium,50,115,0.2,50,0
easy,risk_taking,medium,50,115,0.2,50,0
easy,risk_taking,medium,50,80,0.15,50,0
easy,risk_taking,medium,50,80,0.15,50,0
easy,risk_taking,medium,50,115,0.2,50,0
easy,risk_taking,medium,50,115,0.2,50,0
easy,risk_taking,medium,50,115,0.2,50,0
easy,balanced,medium,50,100,0.5,50,0
easy,balanced,medium,50,100,0.5,50,0
easy,balanced,medium,50,100,0.5,50,0
easy,balanced,medium,50,100,0.5,50,0
easy,balanced,medium,50,100,0.5,50,0
easy,balanced,medium,50,100,0.5,50,0
easy,balanced,medium,50,100,0.5,50,0
easy,balanced,medium,50,100,0.5,50,0
easy,balanced,medium,50,100,0.5,50,0
easy,balanced,medium,50,100,0.5,50,0
easy,balanced,medium,50,100,0.5,50,0
easy,balanced,medium,50,100,0.5,50,0
easy,balanced,medium,50,100,0.5,50,0
easy,balanced,medium,50,100,0.5,50,0
easy,balanced,medium,50,100,0.5,50,0
easy,balanced,medium,50,100,0.5,50,0
easy,balanced,medium,50,100,0.5,50,0
easy,balanced,medium,50,100,0.5,50,0
easy,balanced,medium,50,100,0.5,50,0
easy,balanced,medium,50,100,0.5,50,0
easy,balanced,medium,50,100,0.5,50,0
easy,balanced,medium,50,100,0.5,50,0
easy,balanced,medium,50,100,0.5,50,0
easy,balanced,medium,50,100,0.5,50,0
easy,balanced,medium,50,100,0.5,50,0
easy,balanced,medium,50,100,0.5,50,0
easy,balanced,medium,50,100,0.5,50,0
easy,balanced,medium,50,100,0.5,50,0
easy,balanced,medium,50,100,0.5,50,0
easy,balanced,medium,50,100,0.5,50,0
easy,balanced,medium,50,100,0.5,50,0
easy,balanced,medium,50,100,0.5,50,0
easy,balanced,medium,50,100,0.5,50,0
easy,balanced,medium,50,100,0.5,50,0
easy,balanced,medium,50,100,0.5,50,0
easy,balanced,medium,50,100,0.5,50,0
easy,balanced,medium,50,100,0.5,50,0
easy,balanced,medium,50,100,0.5,50,0
easy,balanced,medium,50,100,0.5,50,0
easy,balanced,medium,50,100,0.5,50,0
easy,balanced,medium,50,100,0.5,50,0
easy,balanced,medium,50,100,0.5,50,0
easy,balanced,medium,50,100,0.5,50,0
easy,balanced,medium,50,100,0.5,50,0
easy,balanced,medium,50,100,0.5,50,0
easy,balanced,medium,50,100,0.5,50,0
easy,balanced,medium,50,100,0.5,50,0
easy,balanced,medium,50,100,0.5,50,0
easy,balanced,medium,50,100,0.5,50,0
easy,balanced,medium,50,100,0.5,50,0
easy,balanced,medium,50,100,0.5,50,0
easy,balanced,medium,50,100,0.5,50,0
easy,balanced,medium,50,100,0.5,50,0
easy,balanced,medium,50,100,0.5,50,0
easy,balanced,medium,50,100,0.5,50,0
easy,balanced,medium,50,100,0.5,50,0
easy,balanced,medium,50,100,0.5,50,0
easy,balanced,medium,50,100,0.5,50,0
easy,balanced,medium,50,100,0.5,50,0
easy,balanced,medium,50,100,0.5,50,0
easy,balanced,medium,50,100,0.5,50,0
easy,balanced,medium,50,100,0.5,50,0
easy,balanced,medium,50,100,0.5,50,0
easy,balanced,medium,50,100,0.5,50,0
easy,balanced,medium,50,100,0.5,50,0
easy,balanced,medium,50,100,0.5,50,0
easy,balanced,medium,50,100,0.5,50,0
easy,balanced,medium,50,100,0.5,50,0
easy,balanced,medium,50,100,0.5,50,0
easy,balanced,medium,50,100,0.5,50,0
easy,balanced,medium,50,100,0.5,50,0
easy,balanced,medium,50,100,0.5,50,0
easy,balanced,medium,50,100,0.5,50,0
easy,balanced,medium,50,100,0.5,50,0
easy,balanced,medium,50,100,0.5,50,0
easy,balanced,medium,50,100,0.5,50,0
easy,balanced,medium,50,100,0.5,50,0
easy,balanced,medium,50,100,0.5,50,0
easy,balanced,medium,50,100,0.5,50,0
easy,balanced,medium,50,100,0.5,50,0
easy,balanced,medium,50,100,0.5,50,0
easy,balanced,medium,50,100,0.5,50,0
easy,balanced,medium,50,100,0.5,50,0
easy,balanced,medium,50,100,0.5,50,0
easy,balanced,medium,50,100,0.5,50,0
easy,balanced,medium,50,100,0.5,50,0
easy,balanced,medium,50,100,0.5,50,0
easy,balanced,medium,50,100,0.5,50,0
easy,balanced,medium,50,100,0.5,50,0
easy,balanced,medium,50,100,0.5,50,0
easy,balanced,medium,50,100,0.5,50,0
easy,balanced,medium,50,100,0.5,50,0
easy,balanced,medium,50,100,0.5,50,0
easy,balanced,medium,50,100,0.5,50,0
easy,balanced,medium,50,100,0.5,50,0
easy,balanced,medium,50,100,0.5,50,0
easy,balanced,medium,50,100,0.5,50,0
easy,balanced,medium,50,100,0.5,50,0
easy,balanced,medium,50,100,0.5,50,0
easy,balanced,medium,50,100,0.5,50,0
easy,conservative,high,100,120,0.6,60,40
easy,conservative,high,100,120,0.6,60,40
easy,conservative,high,100,120,0.6,60,40
easy,conservative,high,100,120,0.6,60,40
easy,conservative,high,100,120,0.6,60,40
easy,conservative,high,100,120,0.6,60,40
easy,conservative,high,100,120,0.6,60,40
easy,conservative,high,100,120,0.6,60,40
easy,conservative,high,100,120,0.6,60,40
easy,conservative,high,100,120,0.6,60,40
easy,conservative,high,100,120,0.6,60,40
easy,conservative,high,100,120,0.6,60,40
easy,conservative,high,100,120,0.6,60,40
easy,conservative,high,100,120,0.6,60,40
easy,conservative,high,100,120,0.6,60,40
easy,conservative,high,100,120,0.6,60,40
easy,conservative,high,100,120,0.6,60,40
easy,conservative,high,100,120,0.6,60,40
easy,conservative,high,100,120,0.6,60,40
easy,conservative,high,100,120,0.6,60,40
easy,conservative,high,100,120,0.6,60,40
easy,conservative,high,100,120,0.6,60,40
easy,conservative,high,100,120,0.6,60,40
easy,conservative,high,100,120,0.6,60,40
easy,conservative,high,100,120,0.6,60,40
easy,conservative,high,100,120,0.6,60,40
easy,conservative,high,100,120,0.6,60,40
easy,conservative,high,100,120,0.6,60,40
easy,conservative,high,100,120,0.6,60,40
easy,conservative,high,100,120,0.6,60,40
easy,conservative,high,100,120,0.6,60,40
easy,conservative,high,100,120,0.6,60,40
easy,conservative,high,100,120,0.6,60,40
easy,conservative,high,100,120,0.6,60,40
easy,conservative,high,100,120,0.6,60,40
easy,conservative,high,100,120,0.6,60,40
easy,conservative,high,100,120,0.6,60,40
easy,conservative,high,100,120,0.6,60,40
easy,conservative,high,100,120,0.6,60,40
easy,conservative,high,100,120,0.6,60,40
easy,conservative,high,100,120,0.6,60,40
easy,conservative,high,100,120,0.6,60,40
easy,conservative,high,100,120,0.6,60,40
easy,conservative,high,100,120,0.6,60,40
easy,conservative,high,100,120,0.6,60,40
easy,conservative,high,100,120,0.6,60,40
easy,conservative,high,100,120,0.6,60,40
easy,conservative,high,100,120,0.6,60,40
easy,conservative,high,100,120,0.6,60,40
easy,conservative,high,100,120,0.6,60,40
easy,conservative,high,100,120,0.6,60,40
easy,conservative,high,100,120,0.6,60,40
easy,conservative,high,100,120,0.6,60,40
easy,conservative,high,100,120,0.6,60,40
easy,conservative,high,100,120,0.6,60,40
easy,conservative,high,100,120,0.6,60,40
easy,conservative,high,100,120,0.6,60,40
easy,conservative,high,100,120,0.6,60,40
easy,conservative,high,100,120,0.6,60,40
easy,conservative,high,100,120,0.6,60,40
easy,conservative,high,100,120,0.6,60,40
easy,conservative,high,100,120,0.6,60,40
easy,conservative,high,100,120,0.6,60,40
easy,conservative,high,100,120,0.6,60,40
easy,conservative,high,100,120,0.6,60,40
easy,conservative,high,100,120,0.6,60,40
easy,conservative,high,100,120,0.6,60,40
easy,conservative,high,100,120,0.6,60,40
easy,conservative,high,100,120,0.6,60,40
easy,conservative,high,100,120,0.6,60,40
easy,conservative,high,100,120,0.6,60,40
easy,conservative,high,100,120,0.6,60,40
easy,conservative,high,100,120,0.6,60,40
easy,conservative,high,100,120,0.6,60,40
easy,conservative,high,100,120,0.6,60,40
easy,conservative,high,100,120,0.6,60,40
easy,conservative,high,100,120,0.6,60,40
easy,conservative,high,100,120,0.6,60,40
easy,conservative,high,100,120,0.6,60,40
easy,conservative,high,100,120,0.6,60,40
easy,conservative,high,100,120,0.6,60,40
easy,conservative,high,100,120,0.6,60,40
easy,conservative,high,100,120,0.6,60,40
easy,conservative,high,100,120,0.6,60,40
easy,conservative,high,100,120,0.6,60,40
easy,conservative,high,100,120,0.6,60,40
easy,conservative,high,100,120,0.6,60,40
easy,conservative,high,100,120,0.6,60,40
easy,conservative,high,100,120,0.6,60,40
easy,conservative,high,100,120,0.6,60,40
easy,conservative,high,100,120,0.6,60,40
easy,conservative,high,100,120,0.6,60,40
easy,conservative,high,100,120,0.6,60,40
easy,conservative,high,100,120,0.6,60,40
easy,conservative,high,100,120,0.6,60,40
easy,conservative,high,100,120,0.6,60,40
easy,conservative,high,100,120,0.6,60,40
easy,conservative,high,100,120,0.6,60,40
easy,conservative,high,100,120,0.6,60,40
easy,conservative,high,100,120,0.6,60,40
easy,aggressive,high,100,200,0.5,100,0
easy,aggressive,high,100,200,0.5,100,0
easy,aggressive,high,100,200,0.5,100,0
easy,aggressive,high,100,200,0.5,100,0
easy,aggressive,high,100,200,0.5,100,0
easy,aggressive,high,100,200,0.5,100,0
easy,aggressive,high,100,180,0.45,100,0
easy,aggressive,high,100,200,0.5,100,0
easy,aggressive,high,100,200,0.5,100,0
easy,aggressive,high,100,200,0.5,100,0
easy,aggressive,high,100,200,0.5,100,0
easy,aggressive,high,100,160,0.4,100,0
easy,aggressive,high,100,200,0.5,100,0
easy,aggressive,high,100,200,0.5,100,0
easy,aggressive,high,100,200,0.5,100,0
easy,aggressive,high,100,180,0.45,100,0
easy,aggressive,high,100,200,0.5,100,0
easy,aggressive,high,100,200,0.5,100,0
easy,aggressive,high,100,200,0.5,100,0
easy,aggressive,high,100,200,0.5,100,0
easy,aggressive,high,100,180,0.45,100,0
easy,aggressive,high,100,200,0.5,100,0
easy,aggressive,high,100,200,0.5,100,0
easy,aggressive,high,100,200,0.5,100,0
easy,aggressive,high,100,180,0.45,100,0
easy,aggressive,high,100,200,0.5,100,0
easy,aggressive,high,100,180,0.45,100,0
easy,aggressive,high,100,200,0.5,100,0
easy,aggressive,high,100,200,0.5,100,0
easy,aggressive,high,100,200,0.5,100,0
easy,aggressive,high,100,200,0.5,100,0
easy,aggressive,high,100,200,0.5,100,0
easy,aggressive,high,100,180,0.45,100,0
easy,aggressive,high,100,200,0.5,100,0
easy,aggressive,high,100,180,0.45,100,0
easy,aggressive,high,100,200,0.5,100,0
easy,aggressive,high,100,180,0.45,100,0
easy,aggressive,high,100,180,0.45,100,0
easy,aggressive,high,100,200,0.5,100,0
easy,aggressive,high,100,180,0.45,100,0
easy,aggressive,high,100,200,0.5,100,0
easy,aggressive,high,100,160,0.4,100,0
easy,aggressive,high,100,200,0.5,100,0
easy,aggressive,high,100,200,0.5,100,0
easy,aggressive,high,100,200,0.5,100,0
easy,aggressive,high,100,180,0.45,100,0
easy,aggressive,high,100,200,0.5,100,0
easy,aggressive,high,100,200,0.5,100,0
easy,aggressive,high,100,180,0.45,100,0
easy,aggressive,high,100,200,0.5,100,0
easy,aggressive,high,100,200,0.5,100,0
easy,aggressive,high,100,200,0.5,100,0
easy,aggressive,high,100,200,0.5,100,0
easy,aggressive,high,100,200,0.5,100,0
easy,aggressive,high,100,180,0.45,100,0
easy,aggressive,high,100,180,0.45,100,0
easy,aggressive,high,100,160,0.4,100,0
easy,aggressive,high,100,200,0.5,100,0
easy,aggressive,high,100,180,0.45,100,0
easy,aggressive,high,100,200,0.5,100,0
easy,aggressive,high,100,200,0.5,100,0
easy,aggressive,high,100,200,0.5,100,0
easy,aggressive,high,100,180,0.45,100,0
easy,aggressive,high,100,200,0.5,100,0
easy,aggressive,high,100,180,0.45,100,0
easy,aggressive,high,100,200,0.5,100,0
easy,aggressive,high,100,200,0.5,100,0
easy,aggressive,high,100,200,0.5,100,0
easy,aggressive,high,100,200,0.5,100,0
easy,aggressive,high,100,200,0.5,100,0
easy,aggressive,high,100,200,0.5,100,0
easy,aggressive,high,100,200,0.5,100,0
easy,aggressive,high,100,180,0.45,100,0
easy,aggressive,high,100,200,0.5,100,0
easy,aggressive,high,100,200,0.5,100,0
easy,aggressive,high,100,200,0.5,100,0
easy,aggressive,high,100,200,0.5,100,0
easy,aggressive,high,100,180,0.45,100,0
easy,aggressive,high,100,200,0.5,100,0
easy,aggressive,high,100,200,0.5,100,0
easy,aggressive,high,100,180,0.45,100,0
easy,aggressive,high,100,160,0.4,100,0
easy,aggressive,high,100,180,0.45,100,0
easy,aggressive,high,100,200,0.5,100,0
easy,aggressive,high,100,200,0.5,100,0
easy,aggressive,high,100,180,0.45,100,0
easy,aggressive,high,100,200,0.5,100,0
easy,aggressive,high,100,200,0.5,100,0
easy,aggressive,high,100,200,0.5,100,0
easy,aggressive,high,100,200,0.5,100,0
easy,aggressive,high,100,180,0.45,100,0
easy,aggressive,high,100,200,0.5,100,0
easy,aggressive,high,100,200,0.5,100,0
easy,aggressive,high,100,200,0.5,100,0
easy,aggressive,high,100,200,0.5,100,0
easy,aggressive,high,100,200,0.5,100,0
easy,aggressive,high,100,200,0.5,100,0
easy,aggressive,high,100,200,0.5,100,0
easy,aggressive,high,100,180,0.45,100,0
easy,aggressive,high,100,200,0.5,100,0
easy,risk_taking,high,100,160,0.3,100,0
easy,risk_taking,high,100,230,0.4,100,0
easy,risk_taking,high,100,160,0.3,100,0
easy,risk_taking,high,100,230,0.4,100,0
easy,risk_taking,high,100,195,0.35,100,0
easy,risk_taking,high,100,160,0.3,100,0
easy,risk_taking,high,100,160,0.3,100,0
easy,risk_taking,high,100,195,0.35,100,0
easy,risk_taking,high,100,195,0.35,100,0
easy,risk_taking,high,100,195,0.35,100,0
easy,risk_taking,high,100,195,0.35,100,0
easy,risk_taking,high,100,230,0.4,100,0
easy,risk_taking,high,100,195,0.35,100,0
easy,risk_taking,high,100,195,0.35,100,0
easy,risk_taking,high,100,195,0.35,100,0
easy,risk_taking,high,100,195,0.35,100,0
easy,risk_taking,high,100,195,0.35,100,0
easy,risk_taking,high,100,230,0.4,100,0
easy,risk_taking,high,100,160,0.3,100,0
easy,risk_taking,high,100,195,0.35,100,0
easy,risk_taking,high,100,230,0.4,100,0
easy,risk_taking,high,100,230,0.4,100,0
easy,risk_taking,high,100,160,0.3,100,0
easy,risk_taking,high,100,230,0.4,100,0
easy,risk_taking,high,100,230,0.4,100,0
easy,risk_taking,high,100,230,0.4,100,0
easy,risk_taking,high,100,160,0.3,100,0
easy,risk_taking,high,100,195,0.35,100,0
easy,risk_taking,high,100,195,0.35,100,0
easy,risk_taking,high,100,195,0.35,100,0
easy,risk_taking,high,100,160,0.3,100,0
easy,risk_taking,high,100,195,0.35,100,0
easy,risk_taking,high,100,230,0.4,100,0
easy,risk_taking,high,100,160,0.3,100,0
easy,risk_taking,high,100,230,0.4,100,0
easy,risk_taking,high,100,195,0.35,100,0
easy,risk_taking,high,100,230,0.4,100,0
easy,risk_taking,high,100,195,0.35,100,0
easy,risk_taking,high,100,125,0.25,100,0
easy,risk_taking,high,100,195,0.35,100,0
easy,risk_taking,high,100,230,0.4,100,0
easy,risk_taking,high,100,195,0.35,100,0
easy,risk_taking,high,100,230,0.4,100,0
easy,risk_taking,high,100,230,0.4,100,0
easy,risk_taking,high,100,195,0.35,100,0
easy,risk_taking,high,100,195,0.35,100,0
easy,risk_taking,high,100,230,0.4,100,0
easy,risk_taking,high,100,195,0.35,100,0
easy,risk_taking,high,100,160,0.3,100,0
easy,risk_taking,high,100,160,0.3,100,0
easy,risk_taking,high,100,230,0.4,100,0
easy,risk_taking,high,100,230,0.4,100,0
easy,risk_taking,high,100,230,0.4,100,0
easy,risk_taking,high,100,195,0.35,100,0
easy,risk_taking,high,100,230,0.4,100,0
easy,risk_taking,high,100,195,0.35,100,0
easy,risk_taking,high,100,195,0.35,100,0
easy,risk_taking,high,100,195,0.35,100,0
easy,risk_taking,high,100,195,0.35,100,0
easy,risk_taking,high,100,230,0.4,100,0
easy,risk_taking,high,100,160,0.3,100,0
easy,risk_taking,high,100,195,0.35,100,0
easy,risk_taking,high,100,160,0.3,100,0
easy,risk_taking,high,100,230,0.4,100,0
easy,risk_taking,high,100,125,0.25,100,0
easy,risk_taking,high,100,195,0.35,100,0
easy,risk_taking,high,100,195,0.35,100,0
easy,risk_taking,high,100,230,0.4,100,0
easy,risk_taking,high,100,195,0.35,100,0
easy,risk_taking,high,100,230,0.4,100,0
easy,risk_taking,high,100,195,0.35,100,0
easy,risk_taking,high,100,125,0.25,100,0
easy,risk_taking,high,100,160,0.3,100,0
easy,risk_taking,high,100,230,0.4,100,0
easy,risk_taking,high,100,160,0.3,100,0
easy,risk_taking,high,100,230,0.4,100,0
easy,risk_taking,high,100,230,0.4,100,0
easy,risk_taking,high,100,230,0.4,100,0
easy,risk_taking,high,100,195,0.35,100,0
easy,risk_taking,high,100,160,0.3,100,0
easy,risk_taking,high,100,195,0.35,100,0
easy,risk_taking,high,100,230,0.4,100,0
easy,risk_taking,high,100,230,0.4,100,0
easy,risk_taking,high,100,195,0.35,100,0
easy,risk_taking,high,100,230,0.4,100,0
easy,risk_taking,high,100,160,0.3,100,0
easy,risk_taking,high,100,230,0.4,100,0
easy,risk_taking,high,100,230,0.4,100,0
easy,risk_taking,high,100,230,0.4,100,0
easy,risk_taking,high,100,160,0.3,100,0
easy,risk_taking,high,100,195,0.35,100,0
easy,risk_taking,high,100,230,0.4,100,0
easy,risk_taking,high,100,195,0.35,100,0
easy,risk_taking,high,100,230,0.4,100,0
easy,risk_taking,high,100,230,0.4,100,0
easy,risk_taking,high,100,160,0.3,100,0
easy,risk_taking,high,100,160,0.3,100,0
easy,risk_taking,high,100,230,0.4,100,0
easy,risk_taking,high,100,230,0.4,100,0
easy,risk_taking,high,100,230,0.4,100,0
easy,balanced,high,100,200,1.0,100,0
easy,balanced,high,100,200,1.0,100,0
easy,balanced,high,100,200,1.0,100,0
easy,balanced,high,100,200,1.0,100,0
easy,balanced,high,100,200,1.0,100,0
easy,balanced,high,100,200,1.0,100,0
easy,balanced,high,100,200,1.0,100,0
easy,balanced,high,100,200,1.0,100,0
easy,balanced,high,100,200,1.0,100,0
easy,balanced,high,100,200,1.0,100,0
easy,balanced,high,100,200,1.0,100,0
easy,balanced,high,100,200,1.0,100,0
easy,balanced,high,100,200,1.0,100,0
easy,balanced,high,100,200,1.0,100,0
easy,balanced,high,100,200,1.0,100,0
easy,balanced,high,100,200,1.0,100,0
easy,balanced,high,100,200,1.0,100,0
easy,balanced,high,100,200,1.0,100,0
easy,balanced,high,100,200,1.0,100,0
easy,balanced,high,100,200,1.0,100,0
easy,balanced,high,100,200,1.0,100,0
easy,balanced,high,100,200,1.0,100,0
easy,balanced,high,100,200,1.0,100,0
easy,balanced,high,100,200,1.0,100,0
easy,balanced,high,100,200,1.0,100,0
easy,balanced,high,100,200,1.0,100,0
easy,balanced,high,100,200,1.0,100,0
easy,balanced,high,100,200,1.0,100,0
easy,balanced,high,100,200,1.0,100,0
easy,balanced,high,100,200,1.0,100,0
easy,balanced,high,100,200,1.0,100,0
easy,balanced,high,100,200,1.0,100,0
easy,balanced,high,100,200,1.0,100,0
easy,balanced,high,100,200,1.0,100,0
easy,balanced,high,100,200,1.0,100,0
easy,balanced,high,100,200,1.0,100,0
easy,balanced,high,100,200,1.0,100,0
easy,balanced,high,100,200,1.0,100,0
easy,balanced,high,100,200,1.0,100,0
easy,balanced,high,100,200,1.0,100,0
easy,balanced,high,100,200,1.0,100,0
easy,balanced,high,100,200,1.0,100,0
easy,balanced,high,100,200,1.0,100,0
easy,balanced,high,100,200,1.0,100,0
easy,balanced,high,100,200,1.0,100,0
easy,balanced,high,100,200,1.0,100,0
easy,balanced,high,100,200,1.0,100,0
easy,balanced,high,100,200,1.0,100,0
easy,balanced,high,100,200,1.0,100,0
easy,balanced,high,100,200,1.0,100,0
easy,balanced,high,100,200,1.0,100,0
easy,balanced,high,100,200,1.0,100,0
easy,balanced,high,100,200,1.0,100,0
easy,balanced,high,100,200,1.0,100,0
easy,balanced,high,100,200,1.0,100,0
easy,balanced,high,100,200,1.0,100,0
easy,balanced,high,100,200,1.0,100,0
easy,balanced,high,100,200,1.0,100,0
easy,balanced,high,100,200,1.0,100,0
easy,balanced,high,100,200,1.0,100,0
easy,balanced,high,100,200,1.0,100,0
easy,balanced,high,100,200,1.0,100,0
easy,balanced,high,100,200,1.0,100,0
easy,balanced,high,100,200,1.0,100,0
easy,balanced,high,100,200,1.0,100,0
easy,balanced,high,100,200,1.0,100,0
easy,balanced,high,100,200,1.0,100,0
easy,balanced,high,100,200,1.0,100,0
easy,balanced,high,100,200,1.0,100,0
easy,balanced,high,100,200,1.0,100,0
easy,balanced,high,100,200,1.0,100,0
easy,balanced,high,100,200,1.0,100,0
easy,balanced,high,100,200,1.0,100,0
easy,balanced,high,100,200,1.0,100,0
easy,balanced,high,100,200,1.0,100,0
easy,balanced,high,100,200,1.0,100,0
easy,balanced,high,100,200,1.0,100,0
easy,balanced,high,100,200,1.0,100,0
easy,balanced,high,100,200,1.0,100,0
easy,balanced,high,100,200,1.0,100,0
easy,balanced,high,100,200,1.0,100,0
easy,balanced,high,100,200,1.0,100,0
easy,balanced,high,100,200,1.0,100,0
easy,balanced,high,100,200,1.0,100,0
easy,balanced,high,100,200,1.0,100,0
easy,balanced,high,100,200,1.0,100,0
easy,balanced,high,100,200,1.0,100,0
easy,balanced,high,100,200,1.0,100,0
easy,balanced,high,100,200,1.0,100,0
easy,balanced,high,100,200,1.0,100,0
easy,balanced,high,100,200,1.0,100,0
easy,balanced,high,100,200,1.0,100,0
easy,balanced,high,100,200,1.0,100,0
easy,balanced,high,100,200,1.0,100,0
easy,balanced,high,100,200,1.0,100,0
easy,balanced,high,100,200,1.0,100,0
easy,balanced,high,100,200,1.0,100,0
easy,balanced,high,100,200,1.0,100,0
easy,balanced,high,100,200,1.0,100,0
easy,balanced,high,100,200,1.0,100,0
medium,conservative,low,20,0,0.0,0,20
medium,conservative,low,20,0,0.0,0,20
medium,conservative,low,20,0,0.0,0,20
medium,conservative,low,20,0,0.0,0,20
medium,conservative,low,20,0,0.0,0,20
medium,conservative,low,20,0,0.0,0,20
medium,conservative,low,20,0,0.0,0,20
medium,conservative,low,20,0,0.0,0,20
medium,conservative,low,20,0,0.0,0,20
medium,conservative,low,20,0,0.0,0,20
medium,conservative,low,20,0,0.0,0,20
medium,conservative,low,20,0,0.0,0,20
medium,conservative,low,20,0,0.0,0,20
medium,conservative,low,20,0,0.0,0,20
medium,conservative,low,20,0,0.0,0,20
medium,conservative,low,20,0,0.0,0,20
medium,conservative,low,20,0,0.0,0,20
medium,conservative,low,20,0,0.0,0,20
medium,conservative,low,20,0,0.0,0,20
medium,conservative,low,20,0,0.0,0,20
medium,conservative,low,20,0,0.0,0,20
medium,conservative,low,20,0,0.0,0,20
medium,conservative,low,20,0,0.0,0,20
medium,conservative,low,20,0,0.0,0,20
medium,conservative,low,20,0,0.0,0,20
medium,conservative,low,20,0,0.0,0,20
medium,conservative,low,20,0,0.0,0,20
medium,conservative,low,20,0,0.0,0,20
medium,conservative,low,20,0,0.0,0,20
medium,conservative,low,20,0,0.0,0,20
medium,conservative,low,20,0,0.0,0,20
medium,conservative,low,20,0,0.0,0,20
medium,conservative,low,20,0,0.0,0,20
medium,conservative,low,20,0,0.0,0,20
medium,conservative,low,20,0,0.0,0,20
medium,conservative,low,20,0,0.0,0,20
medium,conservative,low,20,0,0.0,0,20
medium,conservative,low,20,0,0.0,0,20
medium,conservative,low,20,0,0.0,0,20
medium,conservative,low,20,0,0.0,0,20
medium,conservative,low,20,0,0.0,0,20
medium,conservative,low,20,0,0.0,0,20
medium,conservative,low,20,0,0.0,0,20
medium,conservative,low,20,0,0.0,0,20
medium,conservative,low,20,0,0.0,0,20
medium,conservative,low,20,0,0.0,0,20
medium,conservative,low,20,0,0.0,0,20
medium,conservative,low,20,0,0.0,0,20
medium,conservative,low,20,0,0.0,0,20
medium,conservative,low,20,0,0.0,0,20
medium,conservative,low,20,0,0.0,0,20
medium,conservative,low,20,0,0.0,0,20
medium,conservative,low,20,0,0.0,0,20
medium,conservative,low,20,0,0.0,0,20
medium,conservative,low,20,0,0.0,0,20
medium,conservative,low,20,0,0.0,0,20
medium,conservative,low,20,0,0.0,0,20
medium,conservative,low,20,0,0.0,0,20
medium,conservative,low,20,0,0.0,0,20
medium,conservative,low,20,0,0.0,0,20
medium,conservative,low,20,0,0.0,0,20
medium,conservative,low,20,0,0.0,0,20
medium,conservative,low,20,0,0.0,0,20
medium,conservative,low,20,0,0.0,0,20
medium,conservative,low,20,0,0.0,0,20
medium,conservative,low,20,0,0.0,0,20
medium,conservative,low,20,0,0.0,0,20
medium,conservative,low,20,0,0.0,0,20
medium,conservative,low,20,0,0.0,0,20
medium,conservative,low,20,0,0.0,0,20
medium,conservative,low,20,0,0.0,0,20
medium,conservative,low,20,0,0.0,0,20
medium,conservative,low,20,0,0.0,0,20
medium,conservative,low,20,0,0.0,0,20
medium,conservative,low,20,0,0.0,0,20
medium,conservative,low,20,0,0.0,0,20
medium,conservative,low,20,0,0.0,0,20
medium,conservative,low,20,0,0.0,0,20
medium,conservative,low,20,0,0.0,0,20
medium,conservative,low,20,0,0.0,0,20
medium,conservative,low,20,0,0.0,0,20
medium,conservative,low,20,0,0.0,0,20
medium,conservative,low,20,0,0.0,0,20
medium,conservative,low,20,0,0.0,0,20
medium,conservative,low,20,0,0.0,0,20
medium,conservative,low,20,0,0.0,0,20
medium,conservative,low,20,0,0.0,0,20
medium,conservative,low,20,0,0.0,0,20
medium,conservative,low,20,0,0.0,0,20
medium,conservative,low,20,0,0.0,0,20
medium,conservative,low,20,0,0.0,0,20
medium,conservative,low,20,0,0.0,0,20
medium,conservative,low,20,0,0.0,0,20
medium,conservative,low,20,0,0.0,0,20
medium,conservative,low,20,0,0.0,0,20
medium,conservative,low,20,0,0.0,0,20
medium,conservative,low,20,0,0.0,0,20
medium,conservative,low,20,0,0.0,0,20
medium,conservative,low,20,0,0.0,0,20
medium,conservative,low,20,0,0.0,0,20
medium,aggressive,low,20,40,0.1,20,0
medium,aggressive,low,20,40,0.1,20,0
medium,aggressive,low,20,20,0.05,20,0
medium,aggressive,low,20,40,0.1,20,0
medium,aggressive,low,20,40,0.1,20,0
medium,aggressive,low,20,40,0.1,20,0
medium,aggressive,low,20,40,0.1,20,0
medium,aggressive,low,20,40,0.1,20,0
medium,aggressive,low,20,40,0.1,20,0
medium,aggressive,low,20,40,0.1,20,0
medium,aggressive,low,20,40,0.1,20,0
medium,aggressive,low,20,40,0.1,20,0
medium,aggressive,low,20,40,0.1,20,0
medium,aggressive,low,20,40,0.1,20,0
medium,aggressive,low,20,20,0.05,20,0
medium,aggressive,low,20,40,0.1,20,0
medium,aggressive,low,20,40,0.1,20,0
medium,aggressive,low,20,40,0.1,20,0
medium,aggressive,low,20,40,0.1,20,0
medium,aggressive,low,20,40,0.1,20,0
medium,aggressive,low,20,40,0.1,20,0
medium,aggressive,low,20,40,0.1,20,0
medium,aggressive,low,20,40,0.1,20,0
medium,aggressive,low,20,40,0.1,20,0
medium,aggressive,low,20,40,0.1,20,0
medium,aggressive,low,20,40,0.1,20,0
medium,aggressive,low,20,40,0.1,20,0
medium,aggressive,low,20,40,0.1,20,0
medium,aggressive,low,20,40,0.1,20,0
medium,aggressive,low,20,40,0.1,20,0
medium,aggressive,low,20,40,0.1,20,0
medium,aggressive,low,20,40,0.1,20,0
medium,aggressive,low,20,40,0.1,20,0
medium,aggressive,low,20,40,0.1,20,0
medium,aggressive,low,20,20,0.05,20,0
medium,aggressive,low,20,40,0.1,20,0
medium,aggressive,low,20,40,0.1,20,0
medium,aggressive,low,20,40,0.1,20,0
medium,aggressive,low,20,40,0.1,20,0
medium,aggressive,low,20,40,0.1,20,0
medium,aggressive,low,20,40,0.1,20,0
medium,aggressive,low,20,40,0.1,20,0
medium,aggressive,low,20,40,0.1,20,0
medium,aggressive,low,20,40,0.1,20,0
medium,aggressive,low,20,40,0.1,20,0
medium,aggressive,low,20,40,0.1,20,0
medium,aggressive,low,20,40,0.1,20,0
medium,aggressive,low,20,40,0.1,20,0
medium,aggressive,low,20,40,0.1,20,0
medium,aggressive,low,20,40,0.1,20,0
medium,aggressive,low,20,40,0.1,20,0
medium,aggressive,low,20,40,0.1,20,0
medium,aggressive,low,20,40,0.1,20,0
medium,aggressive,low,20,40,0.1,20,0
medium,aggressive,low,20,40,0.1,20,0
medium,aggressive,low,20,40,0.1,20,0
medium,aggressive,low,20,40,0.1,20,0
medium,aggressive,low,20,40,0.1,20,0
medium,aggressive,low,20,20,0.05,20,0
medium,aggressive,low,20,40,0.1,20,0
medium,aggressive,low,20,40,0.1,20,0
medium,aggressive,low,20,20,0.05,20,0
medium,aggressive,low,20,40,0.1,20,0
medium,aggressive,low,20,40,0.1,20,0
medium,aggressive,low,20,40,0.1,20,0
medium,aggressive,low,20,40,0.1,20,0
medium,aggressive,low,20,40,0.1,20,0
medium,aggressive,low,20,40,0.1,20,0
medium,aggressive,low,20,40,0.1,20,0
medium,aggressive,low,20,40,0.1,20,0
medium,aggressive,low,20,40,0.1,20,0
medium,aggressive,low,20,40,0.1,20,0
medium,aggressive,low,20,40,0.1,20,0
medium,aggressive,low,20,40,0.1,20,0
medium,aggressive,low,20,40,0.1,20,0
medium,aggressive,low,20,40,0.1,20,0
medium,aggressive,low,20,40,0.1,20,0
medium,aggressive,low,20,40,0.1,20,0
medium,aggressive,low,20,40,0.1,20,0
medium,aggressive,low,20,40,0.1,20,0
medium,aggressive,low,20,40,0.1,20,0
medium,aggressive,low,20,40,0.1,20,0
medium,aggressive,low,20,40,0.1,20,0
medium,aggressive,low,20,40,0.1,20,0
medium,aggressive,low,20,40,0.1,20,0
medium,aggressive,low,20,40,0.1,20,0
medium,aggressive,low,20,40,0.1,20,0
medium,aggressive,low,20,40,0.1,20,0
medium,aggressive,low,20,40,0.1,20,0
medium,aggressive,low,20,20,0.05,20,0
medium,aggressive,low,20,40,0.1,20,0
medium,aggressive,low,20,40,0.1,20,0
medium,aggressive,low,20,20,0.05,20,0
medium,aggressive,low,20,20,0.05,20,0
medium,aggressive,low,20,40,0.1,20,0
medium,aggressive,low,20,20,0.05,20,0
medium,aggressive,low,20,40,0.1,20,0
medium,aggressive,low,20,40,0.1,20,0
medium,aggressive,low,20,40,0.1,20,0
medium,aggressive,low,20,40,0.1,20,0
medium,risk_taking,low,20,10,0.05,20,0
medium,risk_taking,low,20,10,0.05,20,0
medium,risk_taking,low,20,10,0.05,20,0
medium,risk_taking,low,20,45,0.1,20,0
medium,risk_taking,low,20,45,0.1,20,0
medium,risk_taking,low,20,10,0.05,20,0
medium,risk_taking,low,20,10,0.05,20,0
medium,risk_taking,low,20,45,0.1,20,0
medium,risk_taking,low,20,45,0.1,20,0
medium,risk_taking,low,20,45,0.1,20,0
medium,risk_taking,low,20,45,0.1,20,0
medium,risk_taking,low,20,10,0.05,20,0
medium,risk_taking,low,20,10,0.05,20,0
medium,risk_taking,low,20,10,0.05,20,0
medium,risk_taking,low,20,45,0.1,20,0
medium,risk_taking,low,20,45,0.1,20,0
medium,risk_taking,low,20,10,0.05,20,0
medium,risk_taking,low,20,10,0.05,20,0
medium,risk_taking,low,20,45,0.1,20,0
medium,risk_taking,low,20,45,0.1,20,0
medium,risk_taking,low,20,45,0.1,20,0
medium,risk_taking,low,20,10,0.05,20,0
medium,risk_taking,low,20,10,0.05,20,0
medium,risk_taking,low,20,45,0.1,20,0
medium,risk_taking,low,20,10,0.05,20,0
medium,risk_taking,low,20,10,0.05,20,0
medium,risk_taking,low,20,45,0.1,20,0
medium,risk_taking,low,20,10,0.05,20,0
medium,risk_taking,low,20,45,0.1,20,0
medium,risk_taking,low,20,45,0.1,20,0
medium,risk_taking,low,20,45,0.1,20,0
medium,risk_taking,low,20,45,0.1,20,0
medium,risk_taking,low,20,45,0.1,20,0
medium,risk_taking,low,20,10,0.05,20,0
medium,risk_taking,low,20,10,0.05,20,0
medium,risk_taking,low,20,45,0.1,20,0
medium,risk_taking,low,20,45,0.1,20,0
medium,risk_taking,low,20,45,0.1,20,0
medium,risk_taking,low,20,45,0.1,20,0
medium,risk_taking,low,20,45,0.1,20,0
medium,risk_taking,low,20,45,0.1,20,0
medium,risk_taking,low,20,45,0.1,20,0
medium,risk_taking,low,20,45,0.1,20,0
medium,risk_taking,low,20,10,0.05,20,0
medium,risk_taking,low,20,10,0.05,20,0
medium,risk_taking,low,20,10,0.05,20,0
medium,risk_taking,low,20,45,0.1,20,0
medium,risk_taking,low,20,45,0.1,20,0
medium,risk_taking,low,20,45,0.1,20,0
medium,risk_taking,low,20,45,0.1,20,0
medium,risk_taking,low,20,45,0.1,20,0
medium,risk_taking,low,20,45,0.1,20,0
medium,risk_taking,low,20,45,0.1,20,0
medium,risk_taking,low,20,10,0.05,20,0
medium,risk_taking,low,20,45,0.1,20,0
medium,risk_taking,low,20,10,0.05,20,0
medium,risk_taking,low,20,45,0.1,20,0
medium,risk_taking,low,20,10,0.05,20,0
medium,risk_taking,low,20,45,0.1,20,0
medium,risk_taking,low,20,45,0.1,20,0
medium,risk_taking,low,20,10,0.05,20,0
medium,risk_taking,low,20,45,0.1,20,0
medium,risk_taking,low,20,45,0.1,20,0
medium,risk_taking,low,20,10,0.05,20,0
medium,risk_taking,low,20,10,0.05,20,0
medium,risk_taking,low,20,45,0.1,20,0
medium,risk_taking,low,20,10,0.05,20,0
medium,risk_taking,low,20,10,0.05,20,0
medium,risk_taking,low,20,45,0.1,20,0
medium,risk_taking,low,20,45,0.1,20,0
medium,risk_taking,low,20,10,0.05,20,0
medium,risk_taking,low,20,10,0.05,20,0
medium,risk_taking,low,20,10,0.05,20,0
medium,risk_taking,low,20,45,0.1,20,0
medium,risk_taking,low,20,45,0.1,20,0
medium,risk_taking,low,20,10,0.05,20,0
medium,risk_taking,low,20,45,0.1,20,0
medium,risk_taking,low,20,10,0.05,20,0
medium,risk_taking,low,20,10,0.05,20,0
medium,risk_taking,low,20,45,0.1,20,0
medium,risk_taking,low,20,45,0.1,20,0
medium,risk_taking,low,20,45,0.1,20,0
medium,risk_taking,low,20,45,0.1,20,0
medium,risk_taking,low,20,45,0.1,20,0
medium,risk_taking,low,20,45,0.1,20,0
medium,risk_taking,low,20,45,0.1,20,0
medium,risk_taking,low,20,10,0.05,20,0
medium,risk_taking,low,20,10,0.05,20,0
medium,risk_taking,low,20,45,0.1,20,0
medium,risk_taking,low,20,10,0.05,20,0
medium,risk_taking,low,20,45,0.1,20,0
medium,risk_taking,low,20,45,0.1,20,0
medium,risk_taking,low,20,45,0.1,20,0
medium,risk_taking,low,20,45,0.1,20,0
medium,risk_taking,low,20,45,0.1,20,0
medium,risk_taking,low,20,45,0.1,20,0
medium,risk_taking,low,20,10,0.05,20,0
medium,risk_taking,low,20,10,0.05,20,0
medium,risk_taking,low,20,45,0.1,20,0
medium,risk_taking,low,20,45,0.1,20,0
medium,balanced,low,20,40,0.2,20,0
medium,balanced,low,20,40,0.2,20,0
medium,balanced,low,20,40,0.2,20,0
medium,balanced,low,20,40,0.2,20,0
medium,balanced,low,20,40,0.2,20,0
medium,balanced,low,20,40,0.2,20,0
medium,balanced,low,20,40,0.2,20,0
medium,balanced,low,20,40,0.2,20,0
medium,balanced,low,20,40,0.2,20,0
medium,balanced,low,20,40,0.2,20,0
medium,balanced,low,20,40,0.2,20,0
medium,balanced,low,20,40,0.2,20,0
medium,balanced,low,20,40,0.2,20,0
medium,balanced,low,20,40,0.2,20,0
medium,balanced,low,20,40,0.2,20,0
medium,balanced,low,20,40,0.2,20,0
medium,balanced,low,20,40,0.2,20,0
medium,balanced,low,20,40,0.2,20,0
medium,balanced,low,20,40,0.2,20,0
medium,balanced,low,20,40,0.2,20,0
medium,balanced,low,20,40,0.2,20,0
medium,balanced,low,20,40,0.2,20,0
medium,balanced,low,20,40,0.2,20,0
medium,balanced,low,20,40,0.2,20,0
medium,balanced,low,20,40,0.2,20,0
medium,balanced,low,20,40,0.2,20,0
medium,balanced,low,20,40,0.2,20,0
medium,balanced,low,20,40,0.2,20,0
medium,balanced,low,20,40,0.2,20,0
medium,balanced,low,20,40,0.2,20,0
medium,balanced,low,20,40,0.2,20,0
medium,balanced,low,20,40,0.2,20,0
medium,balanced,low,20,40,0.2,20,0
medium,balanced,low,20,40,0.2,20,0
medium,balanced,low,20,40,0.2,20,0
medium,balanced,low,20,40,0.2,20,0
medium,balanced,low,20,40,0.2,20,0
medium,balanced,low,20,40,0.2,20,0
medium,balanced,low,20,40,0.2,20,0
medium,balanced,low,20,40,0.2,20,0
medium,balanced,low,20,40,0.2,20,0
medium,balanced,low,20,40,0.2,20,0
medium,balanced,low,20,40,0.2,20,0
medium,balanced,low,20,40,0.2,20,0
medium,balanced,low,20,40,0.2,20,0
medium,balanced,low,20,40,0.2,20,0
medium,balanced,low,20,40,0.2,20,0
medium,balanced,low,20,40,0.2,20,0
medium,balanced,low,20,40,0.2,20,0
medium,balanced,low,20,40,0.2,20,0
medium,balanced,low,20,40,0.2,20,0
medium,balanced,low,20,40,0.2,20,0
medium,balanced,low,20,40,0.2,20,0
medium,balanced,low,20,40,0.2,20,0
medium,balanced,low,20,40,0.2,20,0
medium,balanced,low,20,40,0.2,20,0
medium,balanced,low,20,40,0.2,20,0
medium,balanced,low,20,40,0.2,20,0
medium,balanced,low,20,40,0.2,20,0
medium,balanced,low,20,40,0.2,20,0
medium,balanced,low,20,40,0.2,20,0
medium,balanced,low,20,40,0.2,20,0
medium,balanced,low,20,40,0.2,20,0
medium,balanced,low,20,40,0.2,20,0
medium,balanced,low,20,40,0.2,20,0
medium,balanced,low,20,40,0.2,20,0
medium,balanced,low,20,40,0.2,20,0
medium,balanced,low,20,40,0.2,20,0
medium,balanced,low,20,40,0.2,20,0
medium,balanced,low,20,40,0.2,20,0
medium,balanced,low,20,40,0.2,20,0
medium,balanced,low,20,40,0.2,20,0
medium,balanced,low,20,40,0.2,20,0
medium,balanced,low,20,40,0.2,20,0
medium,balanced,low,20,40,0.2,20,0
medium,balanced,low,20,40,0.2,20,0
medium,balanced,low,20,40,0.2,20,0
medium,balanced,low,20,40,0.2,20,0
medium,balanced,low,20,40,0.2,20,0
medium,balanced,low,20,40,0.2,20,0
medium,balanced,low,20,40,0.2,20,0
medium,balanced,low,20,40,0.2,20,0
medium,balanced,low,20,40,0.2,20,0
medium,balanced,low,20,40,0.2,20,0
medium,balanced,low,20,40,0.2,20,0
medium,balanced,low,20,40,0.2,20,0
medium,balanced,low,20,40,0.2,20,0
medium,balanced,low,20,40,0.2,20,0
medium,balanced,low,20,40,0.2,20,0
medium,balanced,low,20,40,0.2,20,0
medium,balanced,low,20,40,0.2,20,0
medium,balanced,low,20,40,0.2,20,0
medium,balanced,low,20,40,0.2,20,0
medium,balanced,low,20,40,0.2,20,0
medium,balanced,low,20,40,0.2,20,0
medium,balanced,low,20,40,0.2,20,0
medium,balanced,low,20,40,0.2,20,0
medium,balanced,low,20,40,0.2,20,0
medium,balanced,low,20,40,0.2,20,0
medium,balanced,low,20,40,0.2,20,0
medium,conservative,medium,50,20,0.1,10,40
medium,conservative,medium,50,20,0.1,10,40
medium,conservative,medium,50,20,0.1,10,40
medium,conservative,medium,50,20,0.1,10,40
medium,conservative,medium,50,20,0.1,10,40
medium,conservative,medium,50,20,0.1,10,40
medium,conservative,medium,50,20,0.1,10,40
medium,conservative,medium,50,20,0.1,10,40
medium,conservative,medium,50,20,0.1,10,40
medium,conservative,medium,50,20,0.1,10,40
medium,conservative,medium,50,20,0.1,10,40
medium,conservative,medium,50,20,0.1,10,40
medium,conservative,medium,50,20,0.1,10,40
medium,conservative,medium,50,20,0.1,10,40
medium,conservative,medium,50,20,0.1,10,40
medium,conservative,medium,50,20,0.1,10,40
medium,conservative,medium,50,20,0.1,10,40
medium,conservative,medium,50,20,0.1,10,40
medium,conservative,medium,50,20,0.1,10,40
medium,conservative,medium,50,20,0.1,10,40
medium,conservative,medium,50,20,0.1,10,40
medium,conservative,medium,50,20,0.1,10,40
medium,conservative,medium,50,20,0.1,10,40
medium,conservative,medium,50,20,0.1,10,40
medium,conservative,medium,50,20,0.1,10,40
medium,conservative,medium,50,20,0.1,10,40
medium,conservative,medium,50,20,0.1,10,40
medium,conservative,medium,50,20,0.1,10,40
medium,conservative,medium,50,20,0.1,10,40
medium,conservative,medium,50,20,0.1,10,40
medium,conservative,medium,50,20,0.1,10,40
medium,conservative,medium,50,20,0.1,10,40
medium,conservative,medium,50,20,0.1,10,40
medium,conservative,medium,50,20,0.1,10,40
medium,conservative,medium,50,20,0.1,10,40
medium,conservative,medium,50,20,0.1,10,40
medium,conservative,medium,50,20,0.1,10,40
medium,conservative,medium,50,20,0.1,10,40
medium,conservative,medium,50,20,0.1,10,40
medium,conservative,medium,50,20,0.1,10,40
medium,conservative,medium,50,20,0.1,10,40
medium,conservative,medium,50,20,0.1,10,40
medium,conservative,medium,50,20,0.1,10,40
medium,conservative,medium,50,20,0.1,10,40
medium,conservative,medium,50,20,0.1,10,40
medium,conservative,medium,50,20,0.1,10,40
medium,conservative,medium,50,20,0.1,10,40
medium,conservative,medium,50,20,0.1,10,40
medium,conservative,medium,50,20,0.1,10,40
medium,conservative,medium,50,20,0.1,10,40
medium,conservative,medium,50,20,0.1,10,40
medium,conservative,medium,50,20,0.1,10,40
medium,conservative,medium,50,20,0.1,10,40
medium,conservative,medium,50,20,0.1,10,40
medium,conservative,medium,50,20,0.1,10,40
medium,conservative,medium,50,20,0.1,10,40
medium,conservative,medium,50,20,0.1,10,40
medium,conservative,medium,50,20,0.1,10,40
medium,conservative,medium,50,20,0.1,10,40
medium,conservative,medium,50,20,0.1,10,40
medium,conservative,medium,50,20,0.1,10,40
medium,conservative,medium,50,20,0.1,10,40
medium,conservative,medium,50,20,0.1,10,40
medium,conservative,medium,50,20,0.1,10,40
medium,conservative,medium,50,20,0.1,10,40
medium,conservative,medium,50,20,0.1,10,40
medium,conservative,medium,50,20,0.1,10,40
medium,conservative,medium,50,20,0.1,10,40
medium,conservative,medium,50,20,0.1,10,40
medium,conservative,medium,50,20,0.1,10,40
medium,conservative,medium,50,20,0.1,10,40
medium,conservative,medium,50,20,0.1,10,40
medium,conservative,medium,50,20,0.1,10,40
medium,conservative,medium,50,20,0.1,10,40
medium,conservative,medium,50,20,0.1,10,40
medium,conservative,medium,50,20,0.1,10,40
medium,conservative,medium,50,20,0.1,10,40
medium,conservative,medium,50,20,0.1,10,40
medium,conservative,medium,50,20,0.1,10,40
medium,conservative,medium,50,20,0.1,10,40
medium,conservative,medium,50,20,0.1,10,40
medium,conservative,medium,50,20,0.1,10,40
medium,conservative,medium,50,20,0.1,10,40
medium,conservative,medium,50,20,0.1,10,40
medium,conservative,medium,50,20,0.1,10,40
medium,conservative,medium,50,20,0.1,10,40
medium,conservative,medium,50,20,0.1,10,40
medium,conservative,medium,50,20,0.1,10,40
medium,conservative,medium,50,20,0.1,10,40
medium,conservative,medium,50,20,0.1,10,40
medium,conservative,medium,50,20,0.1,10,40
medium,conservative,medium,50,20,0.1,10,40
medium,conservative,medium,50,20,0.1,10,40
medium,conservative,medium,50,20,0.1,10,40
medium,conservative,medium,50,20,0.1,10,40
medium,conservative,medium,50,20,0.1,10,40
medium,conservative,medium,50,20,0.1,10,40
medium,conservative,medium,50,20,0.1,10,40
medium,conservative,medium,50,20,0.1,10,40
medium,conservative,medium,50,20,0.1,10,40
medium,aggressive,medium,50,100,0.25,50,0
medium,aggressive,medium,50,100,0.25,50,0
medium,aggressive,medium,50,80,0.2,50,0
medium,aggressive,medium,50,100,0.25,50,0
medium,aggressive,medium,50,80,0.2,50,0
medium,aggressive,medium,50,80,0.2,50,0
medium,aggressive,medium,50,100,0.25,50,0
medium,aggressive,medium,50,100,0.25,50,0
medium,aggressive,medium,50,100,0.25,50,0
medium,aggressive,medium,50,100,0.25,50,0
medium,aggressive,medium,50,100,0.25,50,0
medium,aggressive,medium,50,100,0.25,50,0
medium,aggressive,medium,50,80,0.2,50,0
medium,aggressive,medium,50,100,0.25,50,0
medium,aggressive,medium,50,100,0.25,50,0
medium,aggressive,medium,50,80,0.2,50,0
medium,aggressive,medium,50,80,0.2,50,0
medium,aggressive,medium,50,100,0.25,50,0
medium,aggressive,medium,50,100,0.25,50,0
medium,aggressive,medium,50,100,0.25,50,0
medium,aggressive,medium,50,100,0.25,50,0
medium,aggressive,medium,50,100,0.25,50,0
medium,aggressive,medium,50,100,0.25,50,0
medium,aggressive,medium,50,100,0.25,50,0
medium,aggressive,medium,50,80,0.2,50,0
medium,aggressive,medium,50,80,0.2,50,0
medium,aggressive,medium,50,100,0.25,50,0
medium,aggressive,medium,50,80,0.2,50,0
medium,aggressive,medium,50,100,0.25,50,0
medium,aggressive,medium,50,100,0.25,50,0
medium,aggressive,medium,50,100,0.25,50,0
medium,aggressive,medium,50,100,0.25,50,0
medium,aggressive,medium,50,100,0.25,50,0
medium,aggressive,medium,50,100,0.25,50,0
medium,aggressive,medium,50,100,0.25,50,0
medium,aggressive,medium,50,80,0.2,50,0
medium,aggressive,medium,50,100,0.25,50,0
medium,aggressive,medium,50,100,0.25,50,0
medium,aggressive,medium,50,100,0.25,50,0
medium,aggressive,medium,50,100,0.25,50,0
medium,aggressive,medium,50,80,0.2,50,0
medium,aggressive,medium,50,100,0.25,50,0
medium,aggressive,medium,50,100,0.25,50,0
medium,aggressive,medium,50,100,0.25,50,0
medium,aggressive,medium,50,100,0.25,50,0
medium,aggressive,medium,50,100,0.25,50,0
medium,aggressive,medium,50,100,0.25,50,0
medium,aggressive,medium,50,100,0.25,50,0
medium,aggressive,medium,50,100,0.25,50,0
medium,aggressive,medium,50,100,0.25,50,0
medium,aggressive,medium,50,100,0.25,50,0
medium,aggressive,medium,50,80,0.2,50,0
medium,aggressive,medium,50,100,0.25,50,0
medium,aggressive,medium,50,100,0.25,50,0
medium,aggressive,medium,50,80,0.2,50,0
medium,aggressive,medium,50,100,0.25,50,0
medium,aggressive,medium,50,100,0.25,50,0
medium,aggressive,medium,50,80,0.2,50,0
medium,aggressive,medium,50,60,0.15,50,0
medium,aggressive,medium,50,100,0.25,50,0
medium,aggressive,medium,50,100,0.25,50,0
medium,aggressive,medium,50,80,0.2,50,0
medium,aggressive,medium,50,100,0.25,50,0
medium,aggressive,medium,50,80,0.2,50,0
medium,aggressive,medium,50,100,0.25,50,0
medium,aggressive,medium,50,100,0.25,50,0
medium,aggressive,medium,50,100,0.25,50,0
medium,aggressive,medium,50,80,0.2,50,0
medium,aggressive,medium,50,100,0.25,50,0
medium,aggressive,medium,50,100,0.25,50,0
medium,aggressive,medium,50,100,0.25,50,0
medium,aggressive,medium,50,100,0.25,50,0
medium,aggressive,medium,50,100,0.25,50,0
medium,aggressive,medium,50,100,0.25,50,0
medium,aggressive,medium,50,100,0.25,50,0
medium,aggressive,medium,50,100,0.25,50,0
medium,aggressive,medium,50,100,0.25,50,0
medium,aggressive,medium,50,100,0.25,50,0
medium,aggressive,medium,50,100,0.25,50,0
medium,aggressive,medium,50,100,0.25,50,0
medium,aggressive,medium,50,100,0.25,50,0
medium,aggressive,medium,50,100,0.25,50,0
medium,aggressive,medium,50,100,0.25,50,0
medium,aggressive,medium,50,100,0.25,50,0
medium,aggressive,medium,50,100,0.25,50,0
medium,aggressive,medium,50,80,0.2,50,0
medium,aggressive,medium,50,80,0.2,50,0
medium,aggressive,medium,50,100,0.25,50,0
medium,aggressive,medium,50,100,0.25,50,0
medium,aggressive,medium,50,100,0.25,50,0
medium,aggressive,medium,50,100,0.25,50,0
medium,aggressive,medium,50,100,0.25,50,0
medium,aggressive,medium,50,100,0.25,50,0
medium,aggressive,medium,50,100,0.25,50,0
medium,aggressive,medium,50,100,0.25,50,0
medium,aggressive,medium,50,100,0.25,50,0
medium,aggressive,medium,50,80,0.2,50,0
medium,aggressive,medium,50,80,0.2,50,0
medium,aggressive,medium,50,100,0.25,50,0
medium,aggressive,medium,50,80,0.2,50,0
medium,risk_taking,medium,50,80,0.15,50,0
medium,risk_taking,medium,50,115,0.2,50,0
medium,risk_taking,medium,50,80,0.15,50,0
medium,risk_taking,medium,50,80,0.15,50,0
medium,risk_taking,medium,50,80,0.15,50,0
medium,risk_taking,medium,50,115,0.2,50,0
medium,risk_taking,medium,50,80,0.15,50,0
medium,risk_taking,medium,50,80,0.15,50,0
medium,risk_taking,medium,50,45,0.1,50,0
medium,risk_taking,medium,50,115,0.2,50,0
medium,risk_taking,medium,50,80,0.15,50,0
medium,risk_taking,medium,50,45,0.1,50,0
medium,risk_taking,medium,50,115,0.2,50,0
medium,risk_taking,medium,50,115,0.2,50,0
medium,risk_taking,medium,50,115,0.2,50,0
medium,risk_taking,medium,50,80,0.15,50,0
medium,risk_taking,medium,50,80,0.15,50,0
medium,risk_taking,medium,50,115,0.2,50,0
medium,risk_taking,medium,50,45,0.1,50,0
medium,risk_taking,medium,50,45,0.1,50,0
medium,risk_taking,medium,50,80,0.15,50,0
medium,risk_taking,medium,50,80,0.15,50,0
medium,risk_taking,medium,50,45,0.1,50,0
medium,risk_taking,medium,50,115,0.2,50,0
medium,risk_taking,medium,50,115,0.2,50,0
medium,risk_taking,medium,50,80,0.15,50,0
medium,risk_taking,medium,50,45,0.1,50,0
medium,risk_taking,medium,50,115,0.2,50,0
medium,risk_taking,medium,50,80,0.15,50,0
medium,risk_taking,medium,50,115,0.2,50,0
medium,risk_taking,medium,50,45,0.1,50,0
medium,risk_taking,medium,50,10,0.05,50,0
medium,risk_taking,medium,50,45,0.1,50,0
medium,risk_taking,medium,50,80,0.15,50,0
medium,risk_taking,medium,50,80,0.15,50,0
medium,risk_taking,medium,50,115,0.2,50,0
medium,risk_taking,medium,50,45,0.1,50,0
medium,risk_taking,medium,50,115,0.2,50,0
medium,risk_taking,medium,50,80,0.15,50,0
medium,risk_taking,medium,50,80,0.15,50,0
medium,risk_taking,medium,50,80,0.15,50,0
medium,risk_taking,medium,50,115,0.2,50,0
medium,risk_taking,medium,50,80,0.15,50,0
medium,risk_taking,medium,50,80,0.15,50,0
medium,risk_taking,medium,50,115,0.2,50,0
medium,risk_taking,medium,50,115,0.2,50,0
medium,risk_taking,medium,50,45,0.1,50,0
medium,risk_taking,medium,50,115,0.2,50,0
medium,risk_taking,medium,50,45,0.1,50,0
medium,risk_taking,medium,50,80,0.15,50,0
medium,risk_taking,medium,50,115,0.2,50,0
medium,risk_taking,medium,50,10,0.05,50,0
medium,risk_taking,medium,50,10,0.05,50,0
medium,risk_taking,medium,50,80,0.15,50,0
medium,risk_taking,medium,50,80,0.15,50,0
medium,risk_taking,medium,50,45,0.1,50,0
medium,risk_taking,medium,50,80,0.15,50,0
medium,risk_taking,medium,50,115,0.2,50,0
medium,risk_taking,medium,50,45,0.1,50,0
medium,risk_taking,medium,50,80,0.15,50,0
medium,risk_taking,medium,50,115,0.2,50,0
medium,risk_taking,medium,50,115,0.2,50,0
medium,risk_taking,medium,50,45,0.1,50,0
medium,risk_taking,medium,50,80,0.15,50,0
medium,risk_taking,medium,50,45,0.1,50,0
medium,risk_taking,medium,50,80,0.15,50,0
medium,risk_taking,medium,50,45,0.1,50,0
medium,risk_taking,medium,50,80,0.15,50,0
medium,risk_taking,medium,50,80,0.15,50,0
medium,risk_taking,medium,50,80,0.15,50,0
medium,risk_taking,medium,50,80,0.15,50,0
medium,risk_taking,medium,50,80,0.15,50,0
medium,risk_taking,medium,50,80,0.15,50,0
medium,risk_taking,medium,50,115,0.2,50,0
medium,risk_taking,medium,50,115,0.2,50,0
medium,risk_taking,medium,50,115,0.2,50,0
medium,risk_taking,medium,50,45,0.1,50,0
medium,risk_taking,medium,50,80,0.15,50,0
medium,risk_taking,medium,50,80,0.15,50,0
medium,risk_taking,medium,50,45,0.1,50,0
medium,risk_taking,medium,50,115,0.2,50,0
medium,risk_taking,medium,50,115,0.2,50,0
medium,risk_taking,medium,50,80,0.15,50,0
medium,risk_taking,medium,50,115,0.2,50,0
medium,risk_taking,medium,50,10,0.05,50,0
medium,risk_taking,medium,50,45,0.1,50,0
medium,risk_taking,medium,50,115,0.2,50,0
medium,risk_taking,medium,50,80,0.15,50,0
medium,risk_taking,medium,50,80,0.15,50,0
medium,risk_taking,medium,50,115,0.2,50,0
medium,risk_taking,medium,50,80,0.15,50,0
medium,risk_taking,medium,50,80,0.15,50,0
medium,risk_taking,medium,50,45,0.1,50,0
medium,risk_taking,medium,50,115,0.2,50,0
medium,risk_taking,medium,50,115,0.2,50,0
medium,risk_taking,medium,50,80,0.15,50,0
medium,risk_taking,medium,50,80,0.15,50,0
medium,risk_taking,medium,50,115,0.2,50,0
medium,risk_taking,medium,50,115,0.2,50,0
medium,risk_taking,medium,50,80,0.15,50,0
medium,balanced,medium,50,100,0.5,50,0
medium,balanced,medium,50,100,0.5,50,0
medium,balanced,medium,50,100,0.5,50,0
medium,balanced,medium,50,100,0.5,50,0
medium,balanced,medium,50,100,0.5,50,0
medium,balanced,medium,50,100,0.5,50,0
medium,balanced,medium,50,100,0.5,50,0
medium,balanced,medium,50,100,0.5,50,0
medium,balanced,medium,50,100,0.5,50,0
medium,balanced,medium,50,100,0.5,50,0
medium,balanced,medium,50,100,0.5,50,0
medium,balanced,medium,50,100,0.5,50,0
medium,balanced,medium,50,100,0.5,50,0
medium,balanced,medium,50,100,0.5,50,0
medium,balanced,medium,50,100,0.5,50,0
medium,balanced,medium,50,100,0.5,50,0
medium,balanced,medium,50,100,0.5,50,0
medium,balanced,medium,50,100,0.5,50,0
medium,balanced,medium,50,100,0.5,50,0
medium,balanced,medium,50,100,0.5,50,0
medium,balanced,medium,50,100,0.5,50,0
medium,balanced,medium,50,100,0.5,50,0
medium,balanced,medium,50,100,0.5,50,0
medium,balanced,medium,50,100,0.5,50,0
medium,balanced,medium,50,100,0.5,50,0
medium,balanced,medium,50,100,0.5,50,0
medium,balanced,medium,50,100,0.5,50,0
medium,balanced,medium,50,100,0.5,50,0
medium,balanced,medium,50,100,0.5,50,0
medium,balanced,medium,50,100,0.5,50,0
medium,balanced,medium,50,100,0.5,50,0
medium,balanced,medium,50,100,0.5,50,0
medium,balanced,medium,50,100,0.5,50,0
medium,balanced,medium,50,100,0.5,50,0
medium,balanced,medium,50,100,0.5,50,0
medium,balanced,medium,50,100,0.5,50,0
medium,balanced,medium,50,100,0.5,50,0
medium,balanced,medium,50,100,0.5,50,0
medium,balanced,medium,50,100,0.5,50,0
medium,balanced,medium,50,100,0.5,50,0
medium,balanced,medium,50,100,0.5,50,0
medium,balanced,medium,50,100,0.5,50,0
medium,balanced,medium,50,100,0.5,50,0
medium,balanced,medium,50,100,0.5,50,0
medium,balanced,medium,50,100,0.5,50,0
medium,balanced,medium,50,100,0.5,50,0
medium,balanced,medium,50,100,0.5,50,0
medium,balanced,medium,50,100,0.5,50,0
medium,balanced,medium,50,100,0.5,50,0
medium,balanced,medium,50,100,0.5,50,0
medium,balanced,medium,50,100,0.5,50,0
medium,balanced,medium,50,100,0.5,50,0
medium,balanced,medium,50,100,0.5,50,0
medium,balanced,medium,50,100,0.5,50,0
medium,balanced,medium,50,100,0.5,50,0
medium,balanced,medium,50,100,0.5,50,0
medium,balanced,medium,50,100,0.5,50,0
medium,balanced,medium,50,100,0.5,50,0
medium,balanced,medium,50,100,0.5,50,0
medium,balanced,medium,50,100,0.5,50,0
medium,balanced,medium,50,100,0.5,50,0
medium,balanced,medium,50,100,0.5,50,0
medium,balanced,medium,50,100,0.5,50,0
medium,balanced,medium,50,100,0.5,50,0
medium,balanced,medium,50,100,0.5,50,0
medium,balanced,medium,50,100,0.5,50,0
medium,balanced,medium,50,100,0.5,50,0
medium,balanced,medium,50,100,0.5,50,0
medium,balanced,medium,50,100,0.5,50,0
medium,balanced,medium,50,100,0.5,50,0
medium,balanced,medium,50,100,0.5,50,0
medium,balanced,medium,50,100,0.5,50,0
medium,balanced,medium,50,100,0.5,50,0
medium,balanced,medium,50,100,0.5,50,0
medium,balanced,medium,50,100,0.5,50,0
medium,balanced,medium,50,100,0.5,50,0
medium,balanced,medium,50,100,0.5,50,0
medium,balanced,medium,50,100,0.5,50,0
medium,balanced,medium,50,100,0.5,50,0
medium,balanced,medium,50,100,0.5,50,0
medium,balanced,medium,50,100,0.5,50,0
medium,balanced,medium,50,100,0.5,50,0
medium,balanced,medium,50,100,0.5,50,0
medium,balanced,medium,50,100,0.5,50,0
medium,balanced,medium,50,100,0.5,50,0
medium,balanced,medium,50,100,0.5,50,0
medium,balanced,medium,50,100,0.5,50,0
medium,balanced,medium,50,100,0.5,50,0
medium,balanced,medium,50,100,0.5,50,0
medium,balanced,medium,50,100,0.5,50,0
medium,balanced,medium,50,100,0.5,50,0
medium,balanced,medium,50,100,0.5,50,0
medium,balanced,medium,50,100,0.5,50,0
medium,balanced,medium,50,100,0.5,50,0
medium,balanced,medium,50,100,0.5,50,0
medium,balanced,medium,50,100,0.5,50,0
medium,balanced,medium,50,100,0.5,50,0
medium,balanced,medium,50,100,0.5,50,0
medium,balanced,medium,50,100,0.5,50,0
medium,balanced,medium,50,100,0.5,50,0
medium,conservative,high,100,120,0.6,60,40
medium,conservative,high,100,120,0.6,60,40
medium,conservative,high,100,120,0.6,60,40
medium,conservative,high,100,120,0.6,60,40
medium,conservative,high,100,120,0.6,60,40
medium,conservative,high,100,120,0.6,60,40
medium,conservative,high,100,120,0.6,60,40
medium,conservative,high,100,120,0.6,60,40
medium,conservative,high,100,120,0.6,60,40
medium,conservative,high,100,120,0.6,60,40
medium,conservative,high,100,120,0.6,60,40
medium,conservative,high,100,120,0.6,60,40
medium,conservative,high,100,120,0.6,60,40
medium,conservative,high,100,120,0.6,60,40
medium,conservative,high,100,120,0.6,60,40
medium,conservative,high,100,120,0.6,60,40
medium,conservative,high,100,120,0.6,60,40
medium,conservative,high,100,120,0.6,60,40
medium,conservative,high,100,120,0.6,60,40
medium,conservative,high,100,120,0.6,60,40
medium,conservative,high,100,120,0.6,60,40
medium,conservative,high,100,120,0.6,60,40
medium,conservative,high,100,120,0.6,60,40
medium,conservative,high,100,120,0.6,60,40
medium,conservative,high,100,120,0.6,60,40
medium,conservative,high,100,120,0.6,60,40
medium,conservative,high,100,120,0.6,60,40
medium,conservative,high,100,120,0.6,60,40
medium,conservative,high,100,120,0.6,60,40
medium,conservative,high,100,120,0.6,60,40
medium,conservative,high,100,120,0.6,60,40
medium,conservative,high,100,120,0.6,60,40
medium,conservative,high,100,120,0.6,60,40
medium,conservative,high,100,120,0.6,60,40
medium,conservative,high,100,120,0.6,60,40
medium,conservative,high,100,120,0.6,60,40
medium,conservative,high,100,120,0.6,60,40
medium,conservative,high,100,120,0.6,60,40
medium,conservative,high,100,120,0.6,60,40
medium,conservative,high,100,120,0.6,60,40
medium,conservative,high,100,120,0.6,60,40
medium,conservative,high,100,120,0.6,60,40
medium,conservative,high,100,120,0.6,60,40
medium,conservative,high,100,120,0.6,60,40
medium,conservative,high,100,120,0.6,60,40
medium,conservative,high,100,120,0.6,60,40
medium,conservative,high,100,120,0.6,60,40
medium,conservative,high,100,120,0.6,60,40
medium,conservative,high,100,120,0.6,60,40
medium,conservative,high,100,120,0.6,60,40
medium,conservative,high,100,120,0.6,60,40
medium,conservative,high,100,120,0.6,60,40
medium,conservative,high,100,120,0.6,60,40
medium,conservative,high,100,120,0.6,60,40
medium,conservative,high,100,120,0.6,60,40
medium,conservative,high,100,120,0.6,60,40
medium,conservative,high,100,120,0.6,60,40
medium,conservative,high,100,120,0.6,60,40
medium,conservative,high,100,120,0.6,60,40
medium,conservative,high,100,120,0.6,60,40
medium,conservative,high,100,120,0.6,60,40
medium,conservative,high,100,120,0.6,60,40
medium,conservative,high,100,120,0.6,60,40
medium,conservative,high,100,120,0.6,60,40
medium,conservative,high,100,120,0.6,60,40
medium,conservative,high,100,120,0.6,60,40
medium,conservative,high,100,120,0.6,60,40
medium,conservative,high,100,120,0.6,60,40
medium,conservative,high,100,120,0.6,60,40
medium,conservative,high,100,120,0.6,60,40
medium,conservative,high,100,120,0.6,60,40
medium,conservative,high,100,120,0.6,60,40
medium,conservative,high,100,120,0.6,60,40
medium,conservative,high,100,120,0.6,60,40
medium,conservative,high,100,120,0.6,60,40
medium,conservative,high,100,120,0.6,60,40
medium,conservative,high,100,120,0.6,60,40
medium,conservative,high,100,120,0.6,60,40
medium,conservative,high,100,120,0.6,60,40
medium,conservative,high,100,120,0.6,60,40
medium,conservative,high,100,120,0.6,60,40
medium,conservative,high,100,120,0.6,60,40
medium,conservative,high,100,120,0.6,60,40
medium,conservative,high,100,120,0.6,60,40
medium,conservative,high,100,120,0.6,60,40
medium,conservative,high,100,120,0.6,60,40
medium,conservative,high,100,120,0.6,60,40
medium,conservative,high,100,120,0.6,60,40
medium,conservative,high,100,120,0.6,60,40
medium,conservative,high,100,120,0.6,60,40
medium,conservative,high,100,120,0.6,60,40
medium,conservative,high,100,120,0.6,60,40
medium,conservative,high,100,120,0.6,60,40
medium,conservative,high,100,120,0.6,60,40
medium,conservative,high,100,120,0.6,60,40
medium,conservative,high,100,120,0.6,60,40
medium,conservative,high,100,120,0.6,60,40
medium,conservative,high,100,120,0.6,60,40
medium,conservative,high,100,120,0.6,60,40
medium,conservative,high,100,120,0.6,60,40
medium,aggressive,high,100,200,0.5,100,0
medium,aggressive,high,100,200,0.5,100,0
medium,aggressive,high,100,200,0.5,100,0
medium,aggressive,high,100,200,0.5,100,0
medium,aggressive,high,100,200,0.5,100,0
medium,aggressive,high,100,200,0.5,100,0
medium,aggressive,high,100,180,0.45,100,0
medium,aggressive,high,100,180,0.45,100,0
medium,aggressive,high,100,200,0.5,100,0
medium,aggressive,high,100,200,0.5,100,0
medium,aggressive,high,100,200,0.5,100,0
medium,aggressive,high,100,200,0.5,100,0
medium,aggressive,high,100,200,0.5,100,0
medium,aggressive,high,100,200,0.5,100,0
medium,aggressive,high,100,160,0.4,100,0
medium,aggressive,high,100,200,0.5,100,0
medium,aggressive,high,100,160,0.4,100,0
medium,aggressive,high,100,200,0.5,100,0
medium,aggressive,high,100,180,0.45,100,0
medium,aggressive,high,100,200,0.5,100,0
medium,aggressive,high,100,180,0.45,100,0
medium,aggressive,high,100,200,0.5,100,0
medium,aggressive,high,100,200,0.5,100,0
medium,aggressive,high,100,180,0.45,100,0
medium,aggressive,high,100,200,0.5,100,0
medium,aggressive,high,100,200,0.5,100,0
medium,aggressive,high,100,200,0.5,100,0
medium,aggressive,high,100,200,0.5,100,0
medium,aggressive,high,100,180,0.45,100,0
medium,aggressive,high,100,180,0.45,100,0
medium,aggressive,high,100,200,0.5,100,0
medium,aggressive,high,100,200,0.5,100,0
medium,aggressive,high,100,200,0.5,100,0
medium,aggressive,high,100,200,0.5,100,0
medium,aggressive,high,100,200,0.5,100,0
medium,aggressive,high,100,200,0.5,100,0
medium,aggressive,high,100,200,0.5,100,0
medium,aggressive,high,100,200,0.5,100,0
medium,aggressive,high,100,180,0.45,100,0
medium,aggressive,high,100,180,0.45,100,0
medium,aggressive,high,100,200,0.5,100,0
medium,aggressive,high,100,200,0.5,100,0
medium,aggressive,high,100,200,0.5,100,0
medium,aggressive,high,100,200,0.5,100,0
medium,aggressive,high,100,200,0.5,100,0
medium,aggressive,high,100,160,0.4,100,0
medium,aggressive,high,100,200,0.5,100,0
medium,aggressive,high,100,200,0.5,100,0
medium,aggressive,high,100,160,0.4,100,0
medium,aggressive,high,100,200,0.5,100,0
medium,aggressive,high,100,180,0.45,100,0
medium,aggressive,high,100,200,0.5,100,0
medium,aggressive,high,100,200,0.5,100,0
medium,aggressive,high,100,180,0.45,100,0
medium,aggressive,high,100,180,0.45,100,0
medium,aggressive,high,100,200,0.5,100,0
medium,aggressive,high,100,160,0.4,100,0
medium,aggressive,high,100,200,0.5,100,0
medium,aggressive,high,100,200,0.5,100,0
medium,aggressive,high,100,160,0.4,100,0
medium,aggressive,high,100,200,0.5,100,0
medium,aggressive,high,100,200,0.5,100,0
medium,aggressive,high,100,180,0.45,100,0
medium,aggressive,high,100,200,0.5,100,0
medium,aggressive,high,100,200,0.5,100,0
medium,aggressive,high,100,200,0.5,100,0
medium,aggressive,high,100,200,0.5,100,0
medium,aggressive,high,100,180,0.45,100,0
medium,aggressive,high,100,200,0.5,100,0
medium,aggressive,high,100,200,0.5,100,0
medium,aggressive,high,100,200,0.5,100,0
medium,aggressive,high,100,200,0.5,100,0
medium,aggressive,high,100,200,0.5,100,0
medium,aggressive,high,100,200,0.5,100,0
medium,aggressive,high,100,200,0.5,100,0
medium,aggressive,high,100,180,0.45,100,0
medium,aggressive,high,100,180,0.45,100,0
medium,aggressive,high,100,200,0.5,100,0
medium,aggressive,high,100,180,0.45,100,0
medium,aggressive,high,100,200,0.5,100,0
medium,aggressive,high,100,200,0.5,100,0
medium,aggressive,high,100,180,0.45,100,0
medium,aggressive,high,100,200,0.5,100,0
medium,aggressive,high,100,180,0.45,100,0
medium,aggressive,high,100,200,0.5,100,0
medium,aggressive,high,100,200,0.5,100,0
medium,aggressive,high,100,200,0.5,100,0
medium,aggressive,high,100,200,0.5,100,0
medium,aggressive,high,100,200,0.5,100,0
medium,aggressive,high,100,180,0.45,100,0
medium,aggressive,high,100,200,0.5,100,0
medium,aggressive,high,100,180,0.45,100,0
medium,aggressive,high,100,180,0.45,100,0
medium,aggressive,high,100,200,0.5,100,0
medium,aggressive,high,100,200,0.5,100,0
medium,aggressive,high,100,200,0.5,100,0
medium,aggressive,high,100,200,0.5,100,0
medium,aggressive,high,100,200,0.5,100,0
medium,aggressive,high,100,200,0.5,100,0
medium,aggressive,high,100,180,0.45,100,0
medium,risk_taking,high,100,125,0.25,100,0
medium,risk_taking,high,100,160,0.3,100,0
medium,risk_taking,high,100,195,0.35,100,0
medium,risk_taking,high,100,195,0.35,100,0
medium,risk_taking,high,100,160,0.3,100,0
medium,risk_taking,high,100,195,0.35,100,0
medium,risk_taking,high,100,195,0.35,100,0
medium,risk_taking,high,100,160,0.3,100,0
medium,risk_taking,high,100,195,0.35,100,0
medium,risk_taking,high,100,160,0.3,100,0
medium,risk_taking,high,100,195,0.35,100,0
medium,risk_taking,high,100,90,0.2,100,0
medium,risk_taking,high,100,90,0.2,100,0
medium,risk_taking,high,100,125,0.25,100,0
medium,risk_taking,high,100,195,0.35,100,0
medium,risk_taking,high,100,195,0.35,100,0
medium,risk_taking,high,100,125,0.25,100,0
medium,risk_taking,high,100,230,0.4,100,0
medium,risk_taking,high,100,90,0.2,100,0
medium,risk_taking,high,100,125,0.25,100,0
medium,risk_taking,high,100,125,0.25,100,0
medium,risk_taking,high,100,160,0.3,100,0
medium,risk_taking,high,100,160,0.3,100,0
medium,risk_taking,high,100,160,0.3,100,0
medium,risk_taking,high,100,195,0.35,100,0
medium,risk_taking,high,100,195,0.35,100,0
medium,risk_taking,high,100,160,0.3,100,0
medium,risk_taking,high,100,160,0.3,100,0
medium,risk_taking,high,100,90,0.2,100,0
medium,risk_taking,high,100,230,0.4,100,0
medium,risk_taking,high,100,230,0.4,100,0
medium,risk_taking,high,100,230,0.4,100,0
medium,risk_taking,high,100,195,0.35,100,0
medium,risk_taking,high,100,195,0.35,100,0
medium,risk_taking,high,100,160,0.3,100,0
medium,risk_taking,high,100,195,0.35,100,0
medium,risk_taking,high,100,160,0.3,100,0
medium,risk_taking,high,100,195,0.35,100,0
medium,risk_taking,high,100,195,0.35,100,0
medium,risk_taking,high,100,230,0.4,100,0
medium,risk_taking,high,100,160,0.3,100,0
medium,risk_taking,high,100,195,0.35,100,0
medium,risk_taking,high,100,160,0.3,100,0
medium,risk_taking,high,100,160,0.3,100,0
medium,risk_taking,high,100,195,0.35,100,0
medium,risk_taking,high,100,90,0.2,100,0
medium,risk_taking,high,100,195,0.35,100,0
medium,risk_taking,high,100,160,0.3,100,0
medium,risk_taking,high,100,90,0.2,100,0
medium,risk_taking,high,100,125,0.25,100,0
medium,risk_taking,high,100,195,0.35,100,0
medium,risk_taking,high,100,125,0.25,100,0
medium,risk_taking,high,100,195,0.35,100,0
medium,risk_taking,high,100,160,0.3,100,0
medium,risk_taking,high,100,160,0.3,100,0
medium,risk_taking,high,100,195,0.35,100,0
medium,risk_taking,high,100,230,0.4,100,0
medium,risk_taking,high,100,160,0.3,100,0
medium,risk_taking,high,100,195,0.35,100,0
medium,risk_taking,high,100,90,0.2,100,0
medium,risk_taking,high,100,125,0.25,100,0
medium,risk_taking,high,100,195,0.35,100,0
medium,risk_taking,high,100,160,0.3,100,0
medium,risk_taking,high,100,125,0.25,100,0
medium,risk_taking,high,100,195,0.35,100,0
medium,risk_taking,high,100,160,0.3,100,0
medium,risk_taking,high,100,160,0.3,100,0
medium,risk_taking,high,100,160,0.3,100,0
medium,risk_taking,high,100,160,0.3,100,0
medium,risk_taking,high,100,160,0.3,100,0
medium,risk_taking,high,100,195,0.35,100,0
medium,risk_taking,high,100,160,0.3,100,0
medium,risk_taking,high,100,125,0.25,100,0
medium,risk_taking,high,100,195,0.35,100,0
medium,risk_taking,high,100,160,0.3,100,0
medium,risk_taking,high,100,230,0.4,100,0
medium,risk_taking,high,100,125,0.25,100,0
medium,risk_taking,high,100,160,0.3,100,0
medium,risk_taking,high,100,160,0.3,100,0
medium,risk_taking,high,100,195,0.35,100,0
medium,risk_taking,high,100,125,0.25,100,0
medium,risk_taking,high,100,195,0.35,100,0
medium,risk_taking,high,100,160,0.3,100,0
medium,risk_taking,high,100,160,0.3,100,0
medium,risk_taking,high,100,125,0.25,100,0
medium,risk_taking,high,100,55,0.15,100,0
medium,risk_taking,high,100,230,0.4,100,0
medium,risk_taking,high,100,160,0.3,100,0
medium,risk_taking,high,100,195,0.35,100,0
medium,risk_taking,high,100,195,0.35,100,0
medium,risk_taking,high,100,195,0.35,100,0
medium,risk_taking,high,100,195,0.35,100,0
medium,risk_taking,high,100,160,0.3,100,0
medium,risk_taking,high,100,230,0.4,100,0
medium,risk_taking,high,100,195,0.35,100,0
medium,risk_taking,high,100,90,0.2,100,0
medium,risk_taking,high,100,160,0.3,100,0
medium,risk_taking,high,100,195,0.35,100,0
medium,risk_taking,high,100,160,0.3,100,0
medium,risk_taking,high,100,195,0.35,100,0
medium,balanced,high,100,200,1.0,100,0
medium,balanced,high,100,200,1.0,100,0
medium,balanced,high,100,200,1.0,100,0
medium,balanced,high,100,200,1.0,100,0
medium,balanced,high,100,200,1.0,100,0
medium,balanced,high,100,200,1.0,100,0
medium,balanced,high,100,200,1.0,100,0
medium,balanced,high,100,200,1.0,100,0
medium,balanced,high,100,200,1.0,100,0
medium,balanced,high,100,200,1.0,100,0
medium,balanced,high,100,200,1.0,100,0
medium,balanced,high,100,200,1.0,100,0
medium,balanced,high,100,200,1.0,100,0
medium,balanced,high,100,200,1.0,100,0
medium,balanced,high,100,200,1.0,100,0
medium,balanced,high,100,200,1.0,100,0
medium,balanced,high,100,200,1.0,100,0
medium,balanced,high,100,200,1.0,100,0
medium,balanced,high,100,200,1.0,100,0
medium,balanced,high,100,200,1.0,100,0
medium,balanced,high,100,200,1.0,100,0
medium,balanced,high,100,200,1.0,100,0
medium,balanced,high,100,200,1.0,100,0
medium,balanced,high,100,200,1.0,100,0
medium,balanced,high,100,200,1.0,100,0
medium,balanced,high,100,200,1.0,100,0
medium,balanced,high,100,200,1.0,100,0
medium,balanced,high,100,200,1.0,100,0
medium,balanced,high,100,200,1.0,100,0
medium,balanced,high,100,200,1.0,100,0
medium,balanced,high,100,200,1.0,100,0
medium,balanced,high,100,200,1.0,100,0
medium,balanced,high,100,200,1.0,100,0
medium,balanced,high,100,200,1.0,100,0
medium,balanced,high,100,200,1.0,100,0
medium,balanced,high,100,200,1.0,100,0
medium,balanced,high,100,200,1.0,100,0
medium,balanced,high,100,200,1.0,100,0
medium,balanced,high,100,200,1.0,100,0
medium,balanced,high,100,200,1.0,100,0
medium,balanced,high,100,200,1.0,100,0
medium,balanced,high,100,200,1.0,100,0
medium,balanced,high,100,200,1.0,100,0
medium,balanced,high,100,200,1.0,100,0
medium,balanced,high,100,200,1.0,100,0
medium,balanced,high,100,200,1.0,100,0
medium,balanced,high,100,200,1.0,100,0
medium,balanced,high,100,200,1.0,100,0
medium,balanced,high,100,200,1.0,100,0
medium,balanced,high,100,200,1.0,100,0
medium,balanced,high,100,200,1.0,100,0
medium,balanced,high,100,200,1.0,100,0
medium,balanced,high,100,200,1.0,100,0
medium,balanced,high,100,200,1.0,100,0
medium,balanced,high,100,200,1.0,100,0
medium,balanced,high,100,200,1.0,100,0
medium,balanced,high,100,200,1.0,100,0
medium,balanced,high,100,200,1.0,100,0
medium,balanced,high,100,200,1.0,100,0
medium,balanced,high,100,200,1.0,100,0
medium,balanced,high,100,200,1.0,100,0
medium,balanced,high,100,200,1.0,100,0
medium,balanced,high,100,200,1.0,100,0
medium,balanced,high,100,200,1.0,100,0
medium,balanced,high,100,200,1.0,100,0
medium,balanced,high,100,200,1.0,100,0
medium,balanced,high,100,200,1.0,100,0
medium,balanced,high,100,200,1.0,100,0
medium,balanced,high,100,200,1.0,100,0
medium,balanced,high,100,200,1.0,100,0
medium,balanced,high,100,200,1.0,100,0
medium,balanced,high,100,200,1.0,100,0
medium,balanced,high,100,200,1.0,100,0
medium,balanced,high,100,200,1.0,100,0
medium,balanced,high,100,200,1.0,100,0
medium,balanced,high,100,200,1.0,100,0
medium,balanced,high,100,200,1.0,100,0
medium,balanced,high,100,200,1.0,100,0
medium,balanced,high,100,200,1.0,100,0
medium,balanced,high,100,200,1.0,100,0
medium,balanced,high,100,200,1.0,100,0
medium,balanced,high,100,200,1.0,100,0
medium,balanced,high,100,200,1.0,100,0
medium,balanced,high,100,200,1.0,100,0
medium,balanced,high,100,200,1.0,100,0
medium,balanced,high,100,200,1.0,100,0
medium,balanced,high,100,200,1.0,100,0
medium,balanced,high,100,200,1.0,100,0
medium,balanced,high,100,200,1.0,100,0
medium,balanced,high,100,200,1.0,100,0
medium,balanced,high,100,200,1.0,100,0
medium,balanced,high,100,200,1.0,100,0
medium,balanced,high,100,200,1.0,100,0
medium,balanced,high,100,200,1.0,100,0
medium,balanced,high,100,200,1.0,100,0
medium,balanced,high,100,200,1.0,100,0
medium,balanced,high,100,200,1.0,100,0
medium,balanced,high,100,200,1.0,100,0
medium,balanced,high,100,200,1.0,100,0
medium,balanced,high,100,200,1.0,100,0
hard,conservative,low,20,0,0.0,0,20
hard,conservative,low,20,0,0.0,0,20
hard,conservative,low,20,0,0.0,0,20
hard,conservative,low,20,0,0.0,0,20
hard,conservative,low,20,0,0.0,0,20
hard,conservative,low,20,0,0.0,0,20
hard,conservative,low,20,0,0.0,0,20
hard,conservative,low,20,0,0.0,0,20
hard,conservative,low,20,0,0.0,0,20
hard,conservative,low,20,0,0.0,0,20
hard,conservative,low,20,0,0.0,0,20
hard,conservative,low,20,0,0.0,0,20
hard,conservative,low,20,0,0.0,0,20
hard,conservative,low,20,0,0.0,0,20
hard,conservative,low,20,0,0.0,0,20
hard,conservative,low,20,0,0.0,0,20
hard,conservative,low,20,0,0.0,0,20
hard,conservative,low,20,0,0.0,0,20
hard,conservative,low,20,0,0.0,0,20
hard,conservative,low,20,0,0.0,0,20
hard,conservative,low,20,0,0.0,0,20
hard,conservative,low,20,0,0.0,0,20
hard,conservative,low,20,0,0.0,0,20
hard,conservative,low,20,0,0.0,0,20
hard,conservative,low,20,0,0.0,0,20
hard,conservative,low,20,0,0.0,0,20
hard,conservative,low,20,0,0.0,0,20
hard,conservative,low,20,0,0.0,0,20
hard,conservative,low,20,0,0.0,0,20
hard,conservative,low,20,0,0.0,0,20
hard,conservative,low,20,0,0.0,0,20
hard,conservative,low,20,0,0.0,0,20
hard,conservative,low,20,0,0.0,0,20
hard,conservative,low,20,0,0.0,0,20
hard,conservative,low,20,0,0.0,0,20
hard,conservative,low,20,0,0.0,0,20
hard,conservative,low,20,0,0.0,0,20
hard,conservative,low,20,0,0.0,0,20
hard,conservative,low,20,0,0.0,0,20
hard,conservative,low,20,0,0.0,0,20
hard,conservative,low,20,0,0.0,0,20
hard,conservative,low,20,0,0.0,0,20
hard,conservative,low,20,0,0.0,0,20
hard,conservative,low,20,0,0.0,0,20
hard,conservative,low,20,0,0.0,0,20
hard,conservative,low,20,0,0.0,0,20
hard,conservative,low,20,0,0.0,0,20
hard,conservative,low,20,0,0.0,0,20
hard,conservative,low,20,0,0.0,0,20
hard,conservative,low,20,0,0.0,0,20
hard,conservative,low,20,0,0.0,0,20
hard,conservative,low,20,0,0.0,0,20
hard,conservative,low,20,0,0.0,0,20
hard,conservative,low,20,0,0.0,0,20
hard,conservative,low,20,0,0.0,0,20
hard,conservative,low,20,0,0.0,0,20
hard,conservative,low,20,0,0.0,0,20
hard,conservative,low,20,0,0.0,0,20
hard,conservative,low,20,0,0.0,0,20
hard,conservative,low,20,0,0.0,0,20
hard,conservative,low,20,0,0.0,0,20
hard,conservative,low,20,0,0.0,0,20
hard,conservative,low,20,0,0.0,0,20
hard,conservative,low,20,0,0.0,0,20
hard,conservative,low,20,0,0.0,0,20
hard,conservative,low,20,0,0.0,0,20
hard,conservative,low,20,0,0.0,0,20
hard,conservative,low,20,0,0.0,0,20
hard,conservative,low,20,0,0.0,0,20
hard,conservative,low,20,0,0.0,0,20
hard,conservative,low,20,0,0.0,0,20
hard,conservative,low,20,0,0.0,0,20
hard,conservative,low,20,0,0.0,0,20
hard,conservative,low,20,0,0.0,0,20
hard,conservative,low,20,0,0.0,0,20
hard,conservative,low,20,0,0.0,0,20
hard,conservative,low,20,0,0.0,0,20
hard,conservative,low,20,0,0.0,0,20
hard,conservative,low,20,0,0.0,0,20
hard,conservative,low,20,0,0.0,0,20
hard,conservative,low,20,0,0.0,0,20
hard,conservative,low,20,0,0.0,0,20
hard,conservative,low,20,0,0.0,0,20
hard,conservative,low,20,0,0.0,0,20
hard,conservative,low,20,0,0.0,0,20
hard,conservative,low,20,0,0.0,0,20
hard,conservative,low,20,0,0.0,0,20
hard,conservative,low,20,0,0.0,0,20
hard,conservative,low,20,0,0.0,0,20
hard,conservative,low,20,0,0.0,0,20
hard,conservative,low,20,0,0.0,0,20
hard,conservative,low,20,0,0.0,0,20
hard,conservative,low,20,0,0.0,0,20
hard,conservative,low,20,0,0.0,0,20
hard,conservative,low,20,0,0.0,0,20
hard,conservative,low,20,0,0.0,0,20
hard,conservative,low,20,0,0.0,0,20
hard,conservative,low,20,0,0.0,0,20
hard,conservative,low,20,0,0.0,0,20
hard,conservative,low,20,0,0.0,0,20
hard,aggressive,low,20,30,0.1,18,2
hard,aggressive,low,20,30,0.1,18,2
hard,aggressive,low,20,30,0.1,18,2
hard,aggressive,low,20,30,0.1,18,2
hard,aggressive,low,20,30,0.1,18,2
hard,aggressive,low,20,30,0.1,18,2
hard,aggressive,low,20,30,0.1,18,2
hard,aggressive,low,20,30,0.1,18,2
hard,aggressive,low,20,30,0.1,18,2
hard,aggressive,low,20,30,0.1,18,2
hard,aggressive,low,20,10,0.05,18,2
hard,aggressive,low,20,30,0.1,18,2
hard,aggressive,low,20,30,0.1,18,2
hard,aggressive,low,20,30,0.1,18,2
hard,aggressive,low,20,30,0.1,18,2
hard,aggressive,low,20,30,0.1,18,2
hard,aggressive,low,20,30,0.1,18,2
hard,aggressive,low,20,30,0.1,18,2
hard,aggressive,low,20,10,0.05,18,2
hard,aggressive,low,20,30,0.1,18,2
hard,aggressive,low,20,30,0.1,18,2
hard,aggressive,low,20,30,0.1,18,2
hard,aggressive,low,20,30,0.1,18,2
hard,aggressive,low,20,30,0.1,18,2
hard,aggressive,low,20,30,0.1,18,2
hard,aggressive,low,20,30,0.1,18,2
hard,aggressive,low,20,30,0.1,18,2
hard,aggressive,low,20,30,0.1,18,2
hard,aggressive,low,20,30,0.1,18,2
hard,aggressive,low,20,30,0.1,18,2
hard,aggressive,low,20,30,0.1,18,2
hard,aggressive,low,20,30,0.1,18,2
hard,aggressive,low,20,30,0.1,18,2
hard,aggressive,low,20,30,0.1,18,2
hard,aggressive,low,20,30,0.1,18,2
hard,aggressive,low,20,30,0.1,18,2
hard,aggressive,low,20,30,0.1,18,2
hard,aggressive,low,20,30,0.1,18,2
hard,aggressive,low,20,30,0.1,18,2
hard,aggressive,low,20,30,0.1,18,2
hard,aggressive,low,20,30,0.1,18,2
hard,aggressive,low,20,30,0.1,18,2
hard,aggressive,low,20,30,0.1,18,2
hard,aggressive,low,20,30,0.1,18,2
hard,aggressive,low,20,30,0.1,18,2
hard,aggressive,low,20,30,0.1,18,2
hard,aggressive,low,20,30,0.1,18,2
hard,aggressive,low,20,30,0.1,18,2
hard,aggressive,low,20,30,0.1,18,2
hard,aggressive,low,20,30,0.1,18,2
hard,aggressive,low,20,10,0.05,18,2
hard,aggressive,low,20,30,0.1,18,2
hard,aggressive,low,20,30,0.1,18,2
hard,aggressive,low,20,30,0.1,18,2
hard,aggressive,low,20,30,0.1,18,2
hard,aggressive,low,20,30,0.1,18,2
hard,aggressive,low,20,30,0.1,18,2
hard,aggressive,low,20,30,0.1,18,2
hard,aggressive,low,20,30,0.1,18,2
hard,aggressive,low,20,30,0.1,18,2
hard,aggressive,low,20,30,0.1,18,2
hard,aggressive,low,20,30,0.1,18,2
hard,aggressive,low,20,30,0.1,18,2
hard,aggressive,low,20,30,0.1,18,2
hard,aggressive,low,20,30,0.1,18,2
hard,aggressive,low,20,30,0.1,18,2
hard,aggressive,low,20,30,0.1,18,2
hard,aggressive,low,20,30,0.1,18,2
hard,aggressive,low,20,30,0.1,18,2
hard,aggressive,low,20,30,0.1,18,2
hard,aggressive,low,20,30,0.1,18,2
hard,aggressive,low,20,30,0.1,18,2
hard,aggressive,low,20,30,0.1,18,2
hard,aggressive,low,20,30,0.1,18,2
hard,aggressive,low,20,30,0.1,18,2
hard,aggressive,low,20,30,0.1,18,2
hard,aggressive,low,20,30,0.1,18,2
hard,aggressive,low,20,30,0.1,18,2
hard,aggressive,low,20,10,0.05,18,2
hard,aggressive,low,20,30,0.1,18,2
hard,aggressive,low,20,30,0.1,18,2
hard,aggressive,low,20,30,0.1,18,2
hard,aggressive,low,20,30,0.1,18,2
hard,aggressive,low,20,10,0.05,18,2
hard,aggressive,low,20,30,0.1,18,2
hard,aggressive,low,20,30,0.1,18,2
hard,aggressive,low,20,30,0.1,18,2
hard,aggressive,low,20,30,0.1,18,2
hard,aggressive,low,20,30,0.1,18,2
hard,aggressive,low,20,30,0.1,18,2
hard,aggressive,low,20,30,0.1,18,2
hard,aggressive,low,20,30,0.1,18,2
hard,aggressive,low,20,30,0.1,18,2
hard,aggressive,low,20,30,0.1,18,2
hard,aggressive,low,20,30,0.1,18,2
hard,aggressive,low,20,30,0.1,18,2
hard,aggressive,low,20,30,0.1,18,2
hard,aggressive,low,20,30,0.1,18,2
hard,aggressive,low,20,30,0.1,18,2
hard,aggressive,low,20,30,0.1,18,2
hard,risk_taking,low,20,35,0.05,18,2
hard,risk_taking,low,20,0,0.0,18,2
hard,risk_taking,low,20,35,0.05,18,2
hard,risk_taking,low,20,0,0.0,18,2
hard,risk_taking,low,20,35,0.05,18,2
hard,risk_taking,low,20,0,0.0,18,2
hard,risk_taking,low,20,0,0.0,18,2
hard,risk_taking,low,20,0,0.0,18,2
hard,risk_taking,low,20,35,0.05,18,2
hard,risk_taking,low,20,0,0.0,18,2
hard,risk_taking,low,20,35,0.05,18,2
hard,risk_taking,low,20,0,0.0,18,2
hard,risk_taking,low,20,35,0.05,18,2
hard,risk_taking,low,20,0,0.0,18,2
hard,risk_taking,low,20,0,0.0,18,2
hard,risk_taking,low,20,35,0.05,18,2
hard,risk_taking,low,20,0,0.0,18,2
hard,risk_taking,low,20,0,0.0,18,2
hard,risk_taking,low,20,35,0.05,18,2
hard,risk_taking,low,20,35,0.05,18,2
hard,risk_taking,low,20,0,0.0,18,2
hard,risk_taking,low,20,35,0.05,18,2
hard,risk_taking,low,20,35,0.05,18,2
hard,risk_taking,low,20,35,0.05,18,2
hard,risk_taking,low,20,35,0.05,18,2
hard,risk_taking,low,20,0,0.0,18,2
hard,risk_taking,low,20,0,0.0,18,2
hard,risk_taking,low,20,0,0.0,18,2
hard,risk_taking,low,20,0,0.0,18,2
hard,risk_taking,low,20,35,0.05,18,2
hard,risk_taking,low,20,0,0.0,18,2
hard,risk_taking,low,20,0,0.0,18,2
hard,risk_taking,low,20,35,0.05,18,2
hard,risk_taking,low,20,35,0.05,18,2
hard,risk_taking,low,20,0,0.0,18,2
hard,risk_taking,low,20,0,0.0,18,2
hard,risk_taking,low,20,35,0.05,18,2
hard,risk_taking,low,20,35,0.05,18,2
hard,risk_taking,low,20,35,0.05,18,2
hard,risk_taking,low,20,0,0.0,18,2
hard,risk_taking,low,20,0,0.0,18,2
hard,risk_taking,low,20,35,0.05,18,2
hard,risk_taking,low,20,35,0.05,18,2
hard,risk_taking,low,20,35,0.05,18,2
hard,risk_taking,low,20,35,0.05,18,2
hard,risk_taking,low,20,0,0.0,18,2
hard,risk_taking,low,20,0,0.0,18,2
hard,risk_taking,low,20,0,0.0,18,2
hard,risk_taking,low,20,35,0.05,18,2
hard,risk_taking,low,20,0,0.0,18,2
hard,risk_taking,low,20,0,0.0,18,2
hard,risk_taking,low,20,0,0.0,18,2
hard,risk_taking,low,20,0,0.0,18,2
hard,risk_taking,low,20,0,0.0,18,2
hard,risk_taking,low,20,35,0.05,18,2
hard,risk_taking,low,20,0,0.0,18,2
hard,risk_taking,low,20,0,0.0,18,2
hard,risk_taking,low,20,35,0.05,18,2
hard,risk_taking,low,20,35,0.05,18,2
hard,risk_taking,low,20,35,0.05,18,2
hard,risk_taking,low,20,35,0.05,18,2
hard,risk_taking,low,20,35,0.05,18,2
hard,risk_taking,low,20,35,0.05,18,2
hard,risk_taking,low,20,0,0.0,18,2
hard,risk_taking,low,20,0,0.0,18,2
hard,risk_taking,low,20,35,0.05,18,2
hard,risk_taking,low,20,0,0.0,18,2
hard,risk_taking,low,20,35,0.05,18,2
hard,risk_taking,low,20,0,0.0,18,2
hard,risk_taking,low,20,0,0.0,18,2
hard,risk_taking,low,20,35,0.05,18,2
hard,risk_taking,low,20,0,0.0,18,2
hard,risk_taking,low,20,0,0.0,18,2
hard,risk_taking,low,20,0,0.0,18,2
hard,risk_taking,low,20,0,0.0,18,2
hard,risk_taking,low,20,35,0.05,18,2
hard,risk_taking,low,20,35,0.05,18,2
hard,risk_taking,low,20,35,0.05,18,2
hard,risk_taking,low,20,35,0.05,18,2
hard,risk_taking,low,20,35,0.05,18,2
hard,risk_taking,low,20,0,0.0,18,2
hard,risk_taking,low,20,35,0.05,18,2
hard,risk_taking,low,20,35,0.05,18,2
hard,risk_taking,low,20,0,0.0,18,2
hard,risk_taking,low,20,0,0.0,18,2
hard,risk_taking,low,20,35,0.05,18,2
hard,risk_taking,low,20,0,0.0,18,2
hard,risk_taking,low,20,35,0.05,18,2
hard,risk_taking,low,20,0,0.0,18,2
hard,risk_taking,low,20,0,0.0,18,2
hard,risk_taking,low,20,0,0.0,18,2
hard,risk_taking,low,20,0,0.0,18,2
hard,risk_taking,low,20,35,0.05,18,2
hard,risk_taking,low,20,0,0.0,18,2
hard,risk_taking,low,20,35,0.05,18,2
hard,risk_taking,low,20,0,0.0,18,2
hard,risk_taking,low,20,35,0.05,18,2
hard,risk_taking,low,20,35,0.05,18,2
hard,risk_taking,low,20,35,0.05,18,2
hard,risk_taking,low,20,35,0.05,18,2
hard,balanced,low,20,30,0.15,18,2
hard,balanced,low,20,30,0.15,18,2
hard,balanced,low,20,30,0.15,18,2
hard,balanced,low,20,30,0.15,18,2
hard,balanced,low,20,30,0.15,18,2
hard,balanced,low,20,30,0.15,18,2
hard,balanced,low,20,30,0.15,18,2
hard,balanced,low,20,30,0.15,18,2
hard,balanced,low,20,30,0.15,18,2
hard,balanced,low,20,30,0.15,18,2
hard,balanced,low,20,30,0.15,18,2
hard,balanced,low,20,30,0.15,18,2
hard,balanced,low,20,30,0.15,18,2
hard,balanced,low,20,30,0.15,18,2
hard,balanced,low,20,30,0.15,18,2
hard,balanced,low,20,30,0.15,18,2
hard,balanced,low,20,30,0.15,18,2
hard,balanced,low,20,30,0.15,18,2
hard,balanced,low,20,30,0.15,18,2
hard,balanced,low,20,30,0.15,18,2
hard,balanced,low,20,30,0.15,18,2
hard,balanced,low,20,30,0.15,18,2
hard,balanced,low,20,30,0.15,18,2
hard,balanced,low,20,30,0.15,18,2
hard,balanced,low,20,30,0.15,18,2
hard,balanced,low,20,30,0.15,18,2
hard,balanced,low,20,30,0.15,18,2
hard,balanced,low,20,30,0.15,18,2
hard,balanced,low,20,30,0.15,18,2
hard,balanced,low,20,30,0.15,18,2
hard,balanced,low,20,30,0.15,18,2
hard,balanced,low,20,30,0.15,18,2
hard,balanced,low,20,30,0.15,18,2
hard,balanced,low,20,30,0.15,18,2
hard,balanced,low,20,30,0.15,18,2
hard,balanced,low,20,30,0.15,18,2
hard,balanced,low,20,30,0.15,18,2
hard,balanced,low,20,30,0.15,18,2
hard,balanced,low,20,30,0.15,18,2
hard,balanced,low,20,30,0.15,18,2
hard,balanced,low,20,30,0.15,18,2
hard,balanced,low,20,30,0.15,18,2
hard,balanced,low,20,30,0.15,18,2
hard,balanced,low,20,30,0.15,18,2
hard,balanced,low,20,30,0.15,18,2
hard,balanced,low,20,30,0.15,18,2
hard,balanced,low,20,30,0.15,18,2
hard,balanced,low,20,30,0.15,18,2
hard,balanced,low,20,30,0.15,18,2
hard,balanced,low,20,30,0.15,18,2
hard,balanced,low,20,30,0.15,18,2
hard,balanced,low,20,30,0.15,18,2
hard,balanced,low,20,30,0.15,18,2
hard,balanced,low,20,30,0.15,18,2
hard,balanced,low,20,30,0.15,18,2
hard,balanced,low,20,30,0.15,18,2
hard,balanced,low,20,30,0.15,18,2
hard,balanced,low,20,30,0.15,18,2
hard,balanced,low,20,30,0.15,18,2
hard,balanced,low,20,30,0.15,18,2
hard,balanced,low,20,30,0.15,18,2
hard,balanced,low,20,30,0.15,18,2
hard,balanced,low,20,30,0.15,18,2
hard,balanced,low,20,30,0.15,18,2
hard,balanced,low,20,30,0.15,18,2
hard,balanced,low,20,30,0.15,18,2
hard,balanced,low,20,30,0.15,18,2
hard,balanced,low,20,30,0.15,18,2
hard,balanced,low,20,30,0.15,18,2
hard,balanced,low,20,30,0.15,18,2
hard,balanced,low,20,30,0.15,18,2
hard,balanced,low,20,30,0.15,18,2
hard,balanced,low,20,30,0.15,18,2
hard,balanced,low,20,30,0.15,18,2
hard,balanced,low,20,30,0.15,18,2
hard,balanced,low,20,30,0.15,18,2
hard,balanced,low,20,30,0.15,18,2
hard,balanced,low,20,30,0.15,18,2
hard,balanced,low,20,30,0.15,18,2
hard,balanced,low,20,30,0.15,18,2
hard,balanced,low,20,30,0.15,18,2
hard,balanced,low,20,30,0.15,18,2
hard,balanced,low,20,30,0.15,18,2
hard,balanced,low,20,30,0.15,18,2
hard,balanced,low,20,30,0.15,18,2
hard,balanced,low,20,30,0.15,18,2
hard,balanced,low,20,30,0.15,18,2
hard,balanced,low,20,30,0.15,18,2
hard,balanced,low,20,30,0.15,18,2
hard,balanced,low,20,30,0.15,18,2
hard,balanced,low,20,30,0.15,18,2
hard,balanced,low,20,30,0.15,18,2
hard,balanced,low,20,30,0.15,18,2
hard,balanced,low,20,30,0.15,18,2
hard,balanced,low,20,30,0.15,18,2
hard,balanced,low,20,30,0.15,18,2
hard,balanced,low,20,30,0.15,18,2
hard,balanced,low,20,30,0.15,18,2
hard,balanced,low,20,30,0.15,18,2
hard,balanced,low,20,30,0.15,18,2
hard,conservative,medium,50,20,0.1,12,38
hard,conservative,medium,50,20,0.1,12,38
hard,conservative,medium,50,20,0.1,12,38
hard,conservative,medium,50,20,0.1,12,38
hard,conservative,medium,50,20,0.1,12,38
hard,conservative,medium,50,20,0.1,12,38
hard,conservative,medium,50,20,0.1,12,38
hard,conservative,medium,50,20,0.1,12,38
hard,conservative,medium,50,20,0.1,12,38
hard,conservative,medium,50,20,0.1,12,38
hard,conservative,medium,50,20,0.1,12,38
hard,conservative,medium,50,20,0.1,12,38
hard,conservative,medium,50,20,0.1,12,38
hard,conservative,medium,50,20,0.1,12,38
hard,conservative,medium,50,20,0.1,12,38
hard,conservative,medium,50,20,0.1,12,38
hard,conservative,medium,50,20,0.1,12,38
hard,conservative,medium,50,20,0.1,12,38
hard,conservative,medium,50,20,0.1,12,38
hard,conservative,medium,50,20,0.1,12,38
hard,conservative,medium,50,20,0.1,12,38
hard,conservative,medium,50,20,0.1,12,38
hard,conservative,medium,50,20,0.1,12,38
hard,conservative,medium,50,20,0.1,12,38
hard,conservative,medium,50,20,0.1,12,38
hard,conservative,medium,50,20,0.1,12,38
hard,conservative,medium,50,20,0.1,12,38
hard,conservative,medium,50,20,0.1,12,38
hard,conservative,medium,50,20,0.1,12,38
hard,conservative,medium,50,20,0.1,12,38
hard,conservative,medium,50,20,0.1,12,38
hard,conservative,medium,50,20,0.1,12,38
hard,conservative,medium,50,20,0.1,12,38
hard,conservative,medium,50,20,0.1,12,38
hard,conservative,medium,50,20,0.1,12,38
hard,conservative,medium,50,20,0.1,12,38
hard,conservative,medium,50,20,0.1,12,38
hard,conservative,medium,50,20,0.1,12,38
hard,conservative,medium,50,20,0.1,12,38
hard,conservative,medium,50,20,0.1,12,38
hard,conservative,medium,50,20,0.1,12,38
hard,conservative,medium,50,20,0.1,12,38
hard,conservative,medium,50,20,0.1,12,38
hard,conservative,medium,50,20,0.1,12,38
hard,conservative,medium,50,20,0.1,12,38
hard,conservative,medium,50,20,0.1,12,38
hard,conservative,medium,50,20,0.1,12,38
hard,conservative,medium,50,20,0.1,12,38
hard,conservative,medium,50,20,0.1,12,38
hard,conservative,medium,50,20,0.1,12,38
hard,conservative,medium,50,20,0.1,12,38
hard,conservative,medium,50,20,0.1,12,38
hard,conservative,medium,50,20,0.1,12,38
hard,conservative,medium,50,20,0.1,12,38
hard,conservative,medium,50,20,0.1,12,38
hard,conservative,medium,50,20,0.1,12,38
hard,conservative,medium,50,20,0.1,12,38
hard,conservative,medium,50,20,0.1,12,38
hard,conservative,medium,50,20,0.1,12,38
hard,conservative,medium,50,20,0.1,12,38
hard,conservative,medium,50,20,0.1,12,38
hard,conservative,medium,50,20,0.1,12,38
hard,conservative,medium,50,20,0.1,12,38
hard,conservative,medium,50,20,0.1,12,38
hard,conservative,medium,50,20,0.1,12,38
hard,conservative,medium,50,20,0.1,12,38
hard,conservative,medium,50,20,0.1,12,38
hard,conservative,medium,50,20,0.1,12,38
hard,conservative,medium,50,20,0.1,12,38
hard,conservative,medium,50,20,0.1,12,38
hard,conservative,medium,50,20,0.1,12,38
hard,conservative,medium,50,20,0.1,12,38
hard,conservative,medium,50,20,0.1,12,38
hard,conservative,medium,50,20,0.1,12,38
hard,conservative,medium,50,20,0.1,12,38
hard,conservative,medium,50,20,0.1,12,38
hard,conservative,medium,50,20,0.1,12,38
hard,conservative,medium,50,20,0.1,12,38
hard,conservative,medium,50,20,0.1,12,38
hard,conservative,medium,50,20,0.1,12,38
hard,conservative,medium,50,20,0.1,12,38
hard,conservative,medium,50,20,0.1,12,38
hard,conservative,medium,50,20,0.1,12,38
hard,conservative,medium,50,20,0.1,12,38
hard,conservative,medium,50,20,0.1,12,38
hard,conservative,medium,50,20,0.1,12,38
hard,conservative,medium,50,20,0.1,12,38
hard,conservative,medium,50,20,0.1,12,38
hard,conservative,medium,50,20,0.1,12,38
hard,conservative,medium,50,20,0.1,12,38
hard,conservative,medium,50,20,0.1,12,38
hard,conservative,medium,50,20,0.1,12,38
hard,conservative,medium,50,20,0.1,12,38
hard,conservative,medium,50,20,0.1,12,38
hard,conservative,medium,50,20,0.1,12,38
hard,conservative,medium,50,20,0.1,12,38
hard,conservative,medium,50,20,0.1,12,38
hard,conservative,medium,50,20,0.1,12,38
hard,conservative,medium,50,20,0.1,12,38
hard,conservative,medium,50,20,0.1,12,38
hard,aggressive,medium,50,80,0.2,48,2
hard,aggressive,medium,50,80,0.2,48,2
hard,aggressive,medium,50,80,0.2,48,2
hard,aggressive,medium,50,60,0.15,48,2
hard,aggressive,medium,50,80,0.2,48,2
hard,aggressive,medium,50,60,0.15,48,2
hard,aggressive,medium,50,60,0.15,48,2
hard,aggressive,medium,50,80,0.2,48,2
hard,aggressive,medium,50,80,0.2,48,2
hard,aggressive,medium,50,80,0.2,48,2
hard,aggressive,medium,50,80,0.2,48,2
hard,aggressive,medium,50,80,0.2,48,2
hard,aggressive,medium,50,80,0.2,48,2
hard,aggressive,medium,50,60,0.15,48,2
hard,aggressive,medium,50,60,0.15,48,2
hard,aggressive,medium,50,80,0.2,48,2
hard,aggressive,medium,50,80,0.2,48,2
hard,aggressive,medium,50,80,0.2,48,2
hard,aggressive,medium,50,80,0.2,48,2
hard,aggressive,medium,50,80,0.2,48,2
hard,aggressive,medium,50,80,0.2,48,2
hard,aggressive,medium,50,80,0.2,48,2
hard,aggressive,medium,50,60,0.15,48,2
hard,aggressive,medium,50,60,0.15,48,2
hard,aggressive,medium,50,80,0.2,48,2
hard,aggressive,medium,50,80,0.2,48,2
hard,aggressive,medium,50,80,0.2,48,2
hard,aggressive,medium,50,80,0.2,48,2
hard,aggressive,medium,50,80,0.2,48,2
hard,aggressive,medium,50,80,0.2,48,2
hard,aggressive,medium,50,80,0.2,48,2
hard,aggressive,medium,50,80,0.2,48,2
hard,aggressive,medium,50,80,0.2,48,2
hard,aggressive,medium,50,80,0.2,48,2
hard,aggressive,medium,50,80,0.2,48,2
hard,aggressive,medium,50,80,0.2,48,2
hard,aggressive,medium,50,80,0.2,48,2
hard,aggressive,medium,50,60,0.15,48,2
hard,aggressive,medium,50,80,0.2,48,2
hard,aggressive,medium,50,60,0.15,48,2
hard,aggressive,medium,50,80,0.2,48,2
hard,aggressive,medium,50,80,0.2,48,2
hard,aggressive,medium,50,60,0.15,48,2
hard,aggressive,medium,50,80,0.2,48,2
hard,aggressive,medium,50,60,0.15,48,2
hard,aggressive,medium,50,60,0.15,48,2
hard,aggressive,medium,50,80,0.2,48,2
hard,aggressive,medium,50,60,0.15,48,2
hard,aggressive,medium,50,80,0.2,48,2
hard,aggressive,medium,50,40,0.1,48,2
hard,aggressive,medium,50,80,0.2,48,2
hard,aggressive,medium,50,80,0.2,48,2
hard,aggressive,medium,50,60,0.15,48,2
hard,aggressive,medium,50,80,0.2,48,2
hard,aggressive,medium,50,80,0.2,48,2
hard,aggressive,medium,50,80,0.2,48,2
hard,aggressive,medium,50,60,0.15,48,2
hard,aggressive,medium,50,80,0.2,48,2
hard,aggressive,medium,50,60,0.15,48,2
hard,aggressive,medium,50,60,0.15,48,2
hard,aggressive,medium,50,60,0.15,48,2
hard,aggressive,medium,50,40,0.1,48,2
hard,aggressive,medium,50,80,0.2,48,2
hard,aggressive,medium,50,60,0.15,48,2
hard,aggressive,medium,50,60,0.15,48,2
hard,aggressive,medium,50,80,0.2,48,2
hard,aggressive,medium,50,60,0.15,48,2
hard,aggressive,medium,50,80,0.2,48,2
hard,aggressive,medium,50,80,0.2,48,2
hard,aggressive,medium,50,60,0.15,48,2
hard,aggressive,medium,50,80,0.2,48,2
hard,aggressive,medium,50,80,0.2,48,2
hard,aggressive,medium,50,80,0.2,48,2
hard,aggressive,medium,50,60,0.15,48,2
hard,aggressive,medium,50,80,0.2,48,2
hard,aggressive,medium,50,60,0.15,48,2
hard,aggressive,medium,50,80,0.2,48,2
hard,aggressive,medium,50,80,0.2,48,2
hard,aggressive,medium,50,60,0.15,48,2
hard,aggressive,medium,50,80,0.2,48,2
hard,aggressive,medium,50,80,0.2,48,2
hard,aggressive,medium,50,80,0.2,48,2
hard,aggressive,medium,50,80,0.2,48,2
hard,aggressive,medium,50,80,0.2,48,2
hard,aggressive,medium,50,80,0.2,48,2
hard,aggressive,medium,50,60,0.15,48,2
hard,aggressive,medium,50,60,0.15,48,2
hard,aggressive,medium,50,60,0.15,48,2
hard,aggressive,medium,50,80,0.2,48,2
hard,aggressive,medium,50,80,0.2,48,2
hard,aggressive,medium,50,80,0.2,48,2
hard,aggressive,medium,50,80,0.2,48,2
hard,aggressive,medium,50,80,0.2,48,2
hard,aggressive,medium,50,80,0.2,48,2
hard,aggressive,medium,50,80,0.2,48,2
hard,aggressive,medium,50,80,0.2,48,2
hard,aggressive,medium,50,60,0.15,48,2
hard,aggressive,medium,50,80,0.2,48,2
hard,aggressive,medium,50,60,0.15,48,2
hard,aggressive,medium,50,80,0.2,48,2
hard,risk_taking,medium,50,55,0.15,48,2
hard,risk_taking,medium,50,55,0.15,48,2
hard,risk_taking,medium,50,90,0.2,48,2
hard,risk_taking,medium,50,90,0.2,48,2
hard,risk_taking,medium,50,90,0.2,48,2
hard,risk_taking,medium,50,90,0.2,48,2
hard,risk_taking,medium,50,20,0.1,48,2
hard,risk_taking,medium,50,90,0.2,48,2
hard,risk_taking,medium,50,20,0.1,48,2
hard,risk_taking,medium,50,90,0.2,48,2
hard,risk_taking,medium,50,90,0.2,48,2
hard,risk_taking,medium,50,55,0.15,48,2
hard,risk_taking,medium,50,55,0.15,48,2
hard,risk_taking,medium,50,55,0.15,48,2
hard,risk_taking,medium,50,55,0.15,48,2
hard,risk_taking,medium,50,90,0.2,48,2
hard,risk_taking,medium,50,20,0.1,48,2
hard,risk_taking,medium,50,90,0.2,48,2
hard,risk_taking,medium,50,55,0.15,48,2
hard,risk_taking,medium,50,20,0.1,48,2
hard,risk_taking,medium,50,20,0.1,48,2
hard,risk_taking,medium,50,55,0.15,48,2
hard,risk_taking,medium,50,90,0.2,48,2
hard,risk_taking,medium,50,55,0.15,48,2
hard,risk_taking,medium,50,20,0.1,48,2
hard,risk_taking,medium,50,90,0.2,48,2
hard,risk_taking,medium,50,55,0.15,48,2
hard,risk_taking,medium,50,90,0.2,48,2
hard,risk_taking,medium,50,20,0.1,48,2
hard,risk_taking,medium,50,90,0.2,48,2
hard,risk_taking,medium,50,90,0.2,48,2
hard,risk_taking,medium,50,55,0.15,48,2
hard,risk_taking,medium,50,90,0.2,48,2
hard,risk_taking,medium,50,90,0.2,48,2
hard,risk_taking,medium,50,55,0.15,48,2
hard,risk_taking,medium,50,20,0.1,48,2
hard,risk_taking,medium,50,20,0.1,48,2
hard,risk_taking,medium,50,90,0.2,48,2
hard,risk_taking,medium,50,90,0.2,48,2
hard,risk_taking,medium,50,90,0.2,48,2
hard,risk_taking,medium,50,90,0.2,48,2
hard,risk_taking,medium,50,55,0.15,48,2
hard,risk_taking,medium,50,20,0.1,48,2
hard,risk_taking,medium,50,90,0.2,48,2
hard,risk_taking,medium,50,90,0.2,48,2
hard,risk_taking,medium,50,90,0.2,48,2
hard,risk_taking,medium,50,55,0.15,48,2
hard,risk_taking,medium,50,20,0.1,48,2
hard,risk_taking,medium,50,90,0.2,48,2
hard,risk_taking,medium,50,90,0.2,48,2
hard,risk_taking,medium,50,20,0.1,48,2
hard,risk_taking,medium,50,20,0.1,48,2
hard,risk_taking,medium,50,55,0.15,48,2
hard,risk_taking,medium,50,20,0.1,48,2
hard,risk_taking,medium,50,55,0.15,48,2
hard,risk_taking,medium,50,20,0.1,48,2
hard,risk_taking,medium,50,20,0.1,48,2
hard,risk_taking,medium,50,20,0.1,48,2
hard,risk_taking,medium,50,20,0.1,48,2
hard,risk_taking,medium,50,20,0.1,48,2
hard,risk_taking,medium,50,20,0.1,48,2
hard,risk_taking,medium,50,55,0.15,48,2
hard,risk_taking,medium,50,90,0.2,48,2
hard,risk_taking,medium,50,55,0.15,48,2
hard,risk_taking,medium,50,20,0.1,48,2
hard,risk_taking,medium,50,55,0.15,48,2
hard,risk_taking,medium,50,20,0.1,48,2
hard,risk_taking,medium,50,55,0.15,48,2
hard,risk_taking,medium,50,90,0.2,48,2
hard,risk_taking,medium,50,20,0.1,48,2
hard,risk_taking,medium,50,90,0.2,48,2
hard,risk_taking,medium,50,55,0.15,48,2
hard,risk_taking,medium,50,55,0.15,48,2
hard,risk_taking,medium,50,20,0.1,48,2
hard,risk_taking,medium,50,90,0.2,48,2
hard,risk_taking,medium,50,20,0.1,48,2
hard,risk_taking,medium,50,55,0.15,48,2
hard,risk_taking,medium,50,55,0.15,48,2
hard,risk_taking,medium,50,55,0.15,48,2
hard,risk_taking,medium,50,55,0.15,48,2
hard,risk_taking,medium,50,55,0.15,48,2
hard,risk_taking,medium,50,55,0.15,48,2
hard,risk_taking,medium,50,20,0.1,48,2
hard,risk_taking,medium,50,90,0.2,48,2
hard,risk_taking,medium,50,90,0.2,48,2
hard,risk_taking,medium,50,55,0.15,48,2
hard,risk_taking,medium,50,20,0.1,48,2
hard,risk_taking,medium,50,90,0.2,48,2
hard,risk_taking,medium,50,90,0.2,48,2
hard,risk_taking,medium,50,20,0.1,48,2
hard,risk_taking,medium,50,90,0.2,48,2
hard,risk_taking,medium,50,55,0.15,48,2
hard,risk_taking,medium,50,90,0.2,48,2
hard,risk_taking,medium,50,20,0.1,48,2
hard,risk_taking,medium,50,20,0.1,48,2
hard,risk_taking,medium,50,20,0.1,48,2
hard,risk_taking,medium,50,55,0.15,48,2
hard,risk_taking,medium,50,20,0.1,48,2
hard,risk_taking,medium,50,55,0.15,48,2
hard,risk_taking,medium,50,20,0.1,48,2
hard,balanced,medium,50,80,0.4,48,2
hard,balanced,medium,50,80,0.4,48,2
hard,balanced,medium,50,80,0.4,48,2
hard,balanced,medium,50,80,0.4,48,2
hard,balanced,medium,50,80,0.4,48,2
hard,balanced,medium,50,80,0.4,48,2
hard,balanced,medium,50,80,0.4,48,2
hard,balanced,medium,50,80,0.4,48,2
hard,balanced,medium,50,80,0.4,48,2
hard,balanced,medium,50,80,0.4,48,2
hard,balanced,medium,50,80,0.4,48,2
hard,balanced,medium,50,80,0.4,48,2
hard,balanced,medium,50,80,0.4,48,2
hard,balanced,medium,50,80,0.4,48,2
hard,balanced,medium,50,80,0.4,48,2
hard,balanced,medium,50,80,0.4,48,2
hard,balanced,medium,50,80,0.4,48,2
hard,balanced,medium,50,80,0.4,48,2
hard,balanced,medium,50,80,0.4,48,2
hard,balanced,medium,50,80,0.4,48,2
hard,balanced,medium,50,80,0.4,48,2
hard,balanced,medium,50,80,0.4,48,2
hard,balanced,medium,50,80,0.4,48,2
hard,balanced,medium,50,80,0.4,48,2
hard,balanced,medium,50,80,0.4,48,2
hard,balanced,medium,50,80,0.4,48,2
hard,balanced,medium,50,80,0.4,48,2
hard,balanced,medium,50,80,0.4,48,2
hard,balanced,medium,50,80,0.4,48,2
hard,balanced,medium,50,80,0.4,48,2
hard,balanced,medium,50,80,0.4,48,2
hard,balanced,medium,50,80,0.4,48,2
hard,balanced,medium,50,80,0.4,48,2
hard,balanced,medium,50,80,0.4,48,2
hard,balanced,medium,50,80,0.4,48,2
hard,balanced,medium,50,80,0.4,48,2
hard,balanced,medium,50,80,0.4,48,2
hard,balanced,medium,50,80,0.4,48,2
hard,balanced,medium,50,80,0.4,48,2
hard,balanced,medium,50,80,0.4,48,2
hard,balanced,medium,50,80,0.4,48,2
hard,balanced,medium,50,80,0.4,48,2
hard,balanced,medium,50,80,0.4,48,2
hard,balanced,medium,50,80,0.4,48,2
hard,balanced,medium,50,80,0.4,48,2
hard,balanced,medium,50,80,0.4,48,2
hard,balanced,medium,50,80,0.4,48,2
hard,balanced,medium,50,80,0.4,48,2
hard,balanced,medium,50,80,0.4,48,2
hard,balanced,medium,50,80,0.4,48,2
hard,balanced,medium,50,80,0.4,48,2
hard,balanced,medium,50,80,0.4,48,2
hard,balanced,medium,50,80,0.4,48,2
hard,balanced,medium,50,80,0.4,48,2
hard,balanced,medium,50,80,0.4,48,2
hard,balanced,medium,50,80,0.4,48,2
hard,balanced,medium,50,80,0.4,48,2
hard,balanced,medium,50,80,0.4,48,2
hard,balanced,medium,50,80,0.4,48,2
hard,balanced,medium,50,80,0.4,48,2
hard,balanced,medium,50,80,0.4,48,2
hard,balanced,medium,50,80,0.4,48,2
hard,balanced,medium,50,80,0.4,48,2
hard,balanced,medium,50,80,0.4,48,2
hard,balanced,medium,50,80,0.4,48,2
hard,balanced,medium,50,80,0.4,48,2
hard,balanced,medium,50,80,0.4,48,2
hard,balanced,medium,50,80,0.4,48,2
hard,balanced,medium,50,80,0.4,48,2
hard,balanced,medium,50,80,0.4,48,2
hard,balanced,medium,50,80,0.4,48,2
hard,balanced,medium,50,80,0.4,48,2
hard,balanced,medium,50,80,0.4,48,2
hard,balanced,medium,50,80,0.4,48,2
hard,balanced,medium,50,80,0.4,48,2
hard,balanced,medium,50,80,0.4,48,2
hard,balanced,medium,50,80,0.4,48,2
hard,balanced,medium,50,80,0.4,48,2
hard,balanced,medium,50,80,0.4,48,2
hard,balanced,medium,50,80,0.4,48,2
hard,balanced,medium,50,80,0.4,48,2
hard,balanced,medium,50,80,0.4,48,2
hard,balanced,medium,50,80,0.4,48,2
hard,balanced,medium,50,80,0.4,48,2
hard,balanced,medium,50,80,0.4,48,2
hard,balanced,medium,50,80,0.4,48,2
hard,balanced,medium,50,80,0.4,48,2
hard,balanced,medium,50,80,0.4,48,2
hard,balanced,medium,50,80,0.4,48,2
hard,balanced,medium,50,80,0.4,48,2
hard,balanced,medium,50,80,0.4,48,2
hard,balanced,medium,50,80,0.4,48,2
hard,balanced,medium,50,80,0.4,48,2
hard,balanced,medium,50,80,0.4,48,2
hard,balanced,medium,50,80,0.4,48,2
hard,balanced,medium,50,80,0.4,48,2
hard,balanced,medium,50,80,0.4,48,2
hard,balanced,medium,50,80,0.4,48,2
hard,balanced,medium,50,80,0.4,48,2
hard,balanced,medium,50,80,0.4,48,2
hard,conservative,high,100,100,0.5,60,40
hard,conservative,high,100,100,0.5,60,40
hard,conservative,high,100,100,0.5,60,40
hard,conservative,high,100,100,0.5,60,40
hard,conservative,high,100,100,0.5,60,40
hard,conservative,high,100,100,0.5,60,40
hard,conservative,high,100,100,0.5,60,40
hard,conservative,high,100,100,0.5,60,40
hard,conservative,high,100,100,0.5,60,40
hard,conservative,high,100,100,0.5,60,40
hard,conservative,high,100,100,0.5,60,40
hard,conservative,high,100,100,0.5,60,40
hard,conservative,high,100,100,0.5,60,40
hard,conservative,high,100,100,0.5,60,40
hard,conservative,high,100,100,0.5,60,40
hard,conservative,high,100,100,0.5,60,40
hard,conservative,high,100,100,0.5,60,40
hard,conservative,high,100,100,0.5,60,40
hard,conservative,high,100,100,0.5,60,40
hard,conservative,high,100,100,0.5,60,40
hard,conservative,high,100,100,0.5,60,40
hard,conservative,high,100,100,0.5,60,40
hard,conservative,high,100,100,0.5,60,40
hard,conservative,high,100,100,0.5,60,40
hard,conservative,high,100,100,0.5,60,40
hard,conservative,high,100,100,0.5,60,40
hard,conservative,high,100,100,0.5,60,40
hard,conservative,high,100,100,0.5,60,40
hard,conservative,high,100,100,0.5,60,40
hard,conservative,high,100,100,0.5,60,40
hard,conservative,high,100,100,0.5,60,40
hard,conservative,high,100,100,0.5,60,40
hard,conservative,high,100,100,0.5,60,40
hard,conservative,high,100,100,0.5,60,40
hard,conservative,high,100,100,0.5,60,40
hard,conservative,high,100,100,0.5,60,40
hard,conservative,high,100,100,0.5,60,40
hard,conservative,high,100,100,0.5,60,40
hard,conservative,high,100,100,0.5,60,40
hard,conservative,high,100,100,0.5,60,40
hard,conservative,high,100,100,0.5,60,40
hard,conservative,high,100,100,0.5,60,40
hard,conservative,high,100,100,0.5,60,40
hard,conservative,high,100,100,0.5,60,40
hard,conservative,high,100,100,0.5,60,40
hard,conservative,high,100,100,0.5,60,40
hard,conservative,high,100,100,0.5,60,40
hard,conservative,high,100,100,0.5,60,40
hard,conservative,high,100,100,0.5,60,40
hard,conservative,high,100,100,0.5,60,40
hard,conservative,high,100,100,0.5,60,40
hard,conservative,high,100,100,0.5,60,40
hard,conservative,high,100,100,0.5,60,40
hard,conservative,high,100,100,0.5,60,40
hard,conservative,high,100,100,0.5,60,40
hard,conservative,high,100,100,0.5,60,40
hard,conservative,high,100,100,0.5,60,40
hard,conservative,high,100,100,0.5,60,40
hard,conservative,high,100,100,0.5,60,40
hard,conservative,high,100,100,0.5,60,40
hard,conservative,high,100,100,0.5,60,40
hard,conservative,high,100,100,0.5,60,40
hard,conservative,high,100,100,0.5,60,40
hard,conservative,high,100,100,0.5,60,40
hard,conservative,high,100,100,0.5,60,40
hard,conservative,high,100,100,0.5,60,40
hard,conservative,high,100,100,0.5,60,40
hard,conservative,high,100,100,0.5,60,40
hard,conservative,high,100,100,0.5,60,40
hard,conservative,high,100,100,0.5,60,40
hard,conservative,high,100,100,0.5,60,40
hard,conservative,high,100,100,0.5,60,40
hard,conservative,high,100,100,0.5,60,40
hard,conservative,high,100,100,0.5,60,40
hard,conservative,high,100,100,0.5,60,40
hard,conservative,high,100,100,0.5,60,40
hard,conservative,high,100,100,0.5,60,40
hard,conservative,high,100,100,0.5,60,40
hard,conservative,high,100,100,0.5,60,40
hard,conservative,high,100,100,0.5,60,40
hard,conservative,high,100,100,0.5,60,40
hard,conservative,high,100,100,0.5,60,40
hard,conservative,high,100,100,0.5,60,40
hard,conservative,high,100,100,0.5,60,40
hard,conservative,high,100,100,0.5,60,40
hard,conservative,high,100,100,0.5,60,40
hard,conservative,high,100,100,0.5,60,40
hard,conservative,high,100,100,0.5,60,40
hard,conservative,high,100,100,0.5,60,40
hard,conservative,high,100,100,0.5,60,40
hard,conservative,high,100,100,0.5,60,40
hard,conservative,high,100,100,0.5,60,40
hard,conservative,high,100,100,0.5,60,40
hard,conservative,high,100,100,0.5,60,40
hard,conservative,high,100,100,0.5,60,40
hard,conservative,high,100,100,0.5,60,40
hard,conservative,high,100,100,0.5,60,40
hard,conservative,high,100,100,0.5,60,40
hard,conservative,high,100,100,0.5,60,40
hard,conservative,high,100,100,0.5,60,40
hard,aggressive,high,100,160,0.4,96,4
hard,aggressive,high,100,160,0.4,96,4
hard,aggressive,high,100,160,0.4,96,4
hard,aggressive,high,100,120,0.3,96,4
hard,aggressive,high,100,140,0.35,96,4
hard,aggressive,high,100,160,0.4,96,4
hard,aggressive,high,100,160,0.4,96,4
hard,aggressive,high,100,140,0.35,96,4
hard,aggressive,high,100,140,0.35,96,4
hard,aggressive,high,100,100,0.25,96,4
hard,aggressive,high,100,140,0.35,96,4
hard,aggressive,high,100,160,0.4,96,4
hard,aggressive,high,100,120,0.3,96,4
hard,aggressive,high,100,140,0.35,96,4
hard,aggressive,high,100,160,0.4,96,4
hard,aggressive,high,100,140,0.35,96,4
hard,aggressive,high,100,100,0.25,96,4
hard,aggressive,high,100,140,0.35,96,4
hard,aggressive,high,100,140,0.35,96,4
hard,aggressive,high,100,160,0.4,96,4
hard,aggressive,high,100,140,0.35,96,4
hard,aggressive,high,100,160,0.4,96,4
hard,aggressive,high,100,140,0.35,96,4
hard,aggressive,high,100,160,0.4,96,4
hard,aggressive,high,100,160,0.4,96,4
hard,aggressive,high,100,120,0.3,96,4
hard,aggressive,high,100,160,0.4,96,4
hard,aggressive,high,100,120,0.3,96,4
hard,aggressive,high,100,160,0.4,96,4
hard,aggressive,high,100,160,0.4,96,4
hard,aggressive,high,100,140,0.35,96,4
hard,aggressive,high,100,160,0.4,96,4
hard,aggressive,high,100,140,0.35,96,4
hard,aggressive,high,100,140,0.35,96,4
hard,aggressive,high,100,140,0.35,96,4
hard,aggressive,high,100,100,0.25,96,4
hard,aggressive,high,100,160,0.4,96,4
hard,aggressive,high,100,160,0.4,96,4
hard,aggressive,high,100,160,0.4,96,4
hard,aggressive,high,100,140,0.35,96,4
hard,aggressive,high,100,160,0.4,96,4
hard,aggressive,high,100,160,0.4,96,4
hard,aggressive,high,100,140,0.35,96,4
hard,aggressive,high,100,160,0.4,96,4
hard,aggressive,high,100,160,0.4,96,4
hard,aggressive,high,100,160,0.4,96,4
hard,aggressive,high,100,160,0.4,96,4
hard,aggressive,high,100,120,0.3,96,4
hard,aggressive,high,100,120,0.3,96,4
hard,aggressive,high,100,120,0.3,96,4
hard,aggressive,high,100,160,0.4,96,4
hard,aggressive,high,100,140,0.35,96,4
hard,aggressive,high,100,140,0.35,96,4
hard,aggressive,high,100,120,0.3,96,4
hard,aggressive,high,100,160,0.4,96,4
hard,aggressive,high,100,160,0.4,96,4
hard,aggressive,high,100,160,0.4,96,4
hard,aggressive,high,100,140,0.35,96,4
hard,aggressive,high,100,140,0.35,96,4
hard,aggressive,high,100,140,0.35,96,4
hard,aggressive,high,100,160,0.4,96,4
hard,aggressive,high,100,160,0.4,96,4
hard,aggressive,high,100,100,0.25,96,4
hard,aggressive,high,100,160,0.4,96,4
hard,aggressive,high,100,160,0.4,96,4
hard,aggressive,high,100,160,0.4,96,4
hard,aggressive,high,100,160,0.4,96,4
hard,aggressive,high,100,160,0.4,96,4
hard,aggressive,high,100,160,0.4,96,4
hard,aggressive,high,100,140,0.35,96,4
hard,aggressive,high,100,140,0.35,96,4
hard,aggressive,high,100,160,0.4,96,4
hard,aggressive,high,100,160,0.4,96,4
hard,aggressive,high,100,160,0.4,96,4
hard,aggressive,high,100,140,0.35,96,4
hard,aggressive,high,100,120,0.3,96,4
hard,aggressive,high,100,120,0.3,96,4
hard,aggressive,high,100,160,0.4,96,4
hard,aggressive,high,100,160,0.4,96,4
hard,aggressive,high,100,140,0.35,96,4
hard,aggressive,high,100,160,0.4,96,4
hard,aggressive,high,100,120,0.3,96,4
hard,aggressive,high,100,160,0.4,96,4
hard,aggressive,high,100,120,0.3,96,4
hard,aggressive,high,100,160,0.4,96,4
hard,aggressive,high,100,100,0.25,96,4
hard,aggressive,high,100,140,0.35,96,4
hard,aggressive,high,100,120,0.3,96,4
hard,aggressive,high,100,100,0.25,96,4
hard,aggressive,high,100,160,0.4,96,4
hard,aggressive,high,100,140,0.35,96,4
hard,aggressive,high,100,100,0.25,96,4
hard,aggressive,high,100,140,0.35,96,4
hard,aggressive,high,100,140,0.35,96,4
hard,aggressive,high,100,160,0.4,96,4
hard,aggressive,high,100,160,0.4,96,4
hard,aggressive,high,100,160,0.4,96,4
hard,aggressive,high,100,140,0.35,96,4
hard,aggressive,high,100,140,0.35,96,4
hard,aggressive,high,100,160,0.4,96,4
hard,risk_taking,high,100,115,0.2,96,4
hard,risk_taking,high,100,45,0.1,96,4
hard,risk_taking,high,100,115,0.2,96,4
hard,risk_taking,high,100,80,0.15,96,4
hard,risk_taking,high,100,45,0.1,96,4
hard,risk_taking,high,100,115,0.2,96,4
hard,risk_taking,high,100,45,0.1,96,4
hard,risk_taking,high,100,80,0.15,96,4
hard,risk_taking,high,100,80,0.15,96,4
hard,risk_taking,high,100,80,0.15,96,4
hard,risk_taking,high,100,45,0.1,96,4
hard,risk_taking,high,100,150,0.25,96,4
hard,risk_taking,high,100,45,0.1,96,4
hard,risk_taking,high,100,80,0.15,96,4
hard,risk_taking,high,100,115,0.2,96,4
hard,risk_taking,high,100,80,0.15,96,4
hard,risk_taking,high,100,115,0.2,96,4
hard,risk_taking,high,100,80,0.15,96,4
hard,risk_taking,high,100,115,0.2,96,4
hard,risk_taking,high,100,150,0.25,96,4
hard,risk_taking,high,100,45,0.1,96,4
hard,risk_taking,high,100,115,0.2,96,4
hard,risk_taking,high,100,80,0.15,96,4
hard,risk_taking,high,100,115,0.2,96,4
hard,risk_taking,high,100,80,0.15,96,4
hard,risk_taking,high,100,80,0.15,96,4
hard,risk_taking,high,100,115,0.2,96,4
hard,risk_taking,high,100,115,0.2,96,4
hard,risk_taking,high,100,115,0.2,96,4
hard,risk_taking,high,100,115,0.2,96,4
hard,risk_taking,high,100,45,0.1,96,4
hard,risk_taking,high,100,115,0.2,96,4
hard,risk_taking,high,100,115,0.2,96,4
hard,risk_taking,high,100,80,0.15,96,4
hard,risk_taking,high,100,45,0.1,96,4
hard,risk_taking,high,100,45,0.1,96,4
hard,risk_taking,high,100,115,0.2,96,4
hard,risk_taking,high,100,150,0.25,96,4
hard,risk_taking,high,100,185,0.3,96,4
hard,risk_taking,high,100,115,0.2,96,4
hard,risk_taking,high,100,80,0.15,96,4
hard,risk_taking,high,100,80,0.15,96,4
hard,risk_taking,high,100,10,0.05,96,4
hard,risk_taking,high,100,45,0.1,96,4
hard,risk_taking,high,100,80,0.15,96,4
hard,risk_taking,high,100,80,0.15,96,4
hard,risk_taking,high,100,80,0.15,96,4
hard,risk_taking,high,100,45,0.1,96,4
hard,risk_taking,high,100,80,0.15,96,4
hard,risk_taking,high,100,115,0.2,96,4
hard,risk_taking,high,100,80,0.15,96,4
hard,risk_taking,high,100,10,0.05,96,4
hard,risk_taking,high,100,115,0.2,96,4
hard,risk_taking,high,100,10,0.05,96,4
hard,risk_taking,high,100,45,0.1,96,4
hard,risk_taking,high,100,115,0.2,96,4
hard,risk_taking,high,100,115,0.2,96,4
hard,risk_taking,high,100,115,0.2,96,4
hard,risk_taking,high,100,80,0.15,96,4
hard,risk_taking,high,100,45,0.1,96,4
hard,risk_taking,high,100,185,0.3,96,4
hard,risk_taking,high,100,115,0.2,96,4
hard,risk_taking,high,100,80,0.15,96,4
hard,risk_taking,high,100,115,0.2,96,4
hard,risk_taking,high,100,45,0.1,96,4
hard,risk_taking,high,100,80,0.15,96,4
hard,risk_taking,high,100,150,0.25,96,4
hard,risk_taking,high,100,80,0.15,96,4
hard,risk_taking,high,100,115,0.2,96,4
hard,risk_taking,high,100,115,0.2,96,4
hard,risk_taking,high,100,115,0.2,96,4
hard,risk_taking,high,100,45,0.1,96,4
hard,risk_taking,high,100,115,0.2,96,4
hard,risk_taking,high,100,115,0.2,96,4
hard,risk_taking,high,100,80,0.15,96,4
hard,risk_taking,high,100,80,0.15,96,4
hard,risk_taking,high,100,80,0.15,96,4
hard,risk_taking,high,100,115,0.2,96,4
hard,risk_taking,high,100,80,0.15,96,4
hard,risk_taking,high,100,10,0.05,96,4
hard,risk_taking,high,100,80,0.15,96,4
hard,risk_taking,high,100,115,0.2,96,4
hard,risk_taking,high,100,80,0.15,96,4
hard,risk_taking,high,100,45,0.1,96,4
hard,risk_taking,high,100,80,0.15,96,4
hard,risk_taking,high,100,80,0.15,96,4
hard,risk_taking,high,100,45,0.1,96,4
hard,risk_taking,high,100,45,0.1,96,4
hard,risk_taking,high,100,115,0.2,96,4
hard,risk_taking,high,100,45,0.1,96,4
hard,risk_taking,high,100,45,0.1,96,4
hard,risk_taking,high,100,45,0.1,96,4
hard,risk_taking,high,100,80,0.15,96,4
hard,risk_taking,high,100,115,0.2,96,4
hard,risk_taking,high,100,45,0.1,96,4
hard,risk_taking,high,100,80,0.15,96,4
hard,risk_taking,high,100,45,0.1,96,4
hard,risk_taking,high,100,150,0.25,96,4
hard,risk_taking,high,100,115,0.2,96,4
hard,risk_taking,high,100,115,0.2,96,4
hard,balanced,high,100,160,0.8,96,4
hard,balanced,high,100,160,0.8,96,4
hard,balanced,high,100,160,0.8,96,4
hard,balanced,high,100,160,0.8,96,4
hard,balanced,high,100,160,0.8,96,4
hard,balanced,high,100,160,0.8,96,4
hard,balanced,high,100,160,0.8,96,4
hard,balanced,high,100,160,0.8,96,4
hard,balanced,high,100,160,0.8,96,4
hard,balanced,high,100,160,0.8,96,4
hard,balanced,high,100,160,0.8,96,4
hard,balanced,high,100,160,0.8,96,4
hard,balanced,high,100,160,0.8,96,4
hard,balanced,high,100,160,0.8,96,4
hard,balanced,high,100,160,0.8,96,4
hard,balanced,high,100,160,0.8,96,4
hard,balanced,high,100,160,0.8,96,4
hard,balanced,high,100,160,0.8,96,4
hard,balanced,high,100,160,0.8,96,4
hard,balanced,high,100,160,0.8,96,4
hard,balanced,high,100,160,0.8,96,4
hard,balanced,high,100,160,0.8,96,4
hard,balanced,high,100,160,0.8,96,4
hard,balanced,high,100,160,0.8,96,4
hard,balanced,high,100,160,0.8,96,4
hard,balanced,high,100,160,0.8,96,4
hard,balanced,high,100,160,0.8,96,4
hard,balanced,high,100,160,0.8,96,4
hard,balanced,high,100,160,0.8,96,4
hard,balanced,high,100,160,0.8,96,4
hard,balanced,high,100,160,0.8,96,4
hard,balanced,high,100,160,0.8,96,4
hard,balanced,high,100,160,0.8,96,4
hard,balanced,high,100,160,0.8,96,4
hard,balanced,high,100,160,0.8,96,4
hard,balanced,high,100,160,0.8,96,4
hard,balanced,high,100,160,0.8,96,4
hard,balanced,high,100,160,0.8,96,4
hard,balanced,high,100,160,0.8,96,4
hard,balanced,high,100,160,0.8,96,4
hard,balanced,high,100,160,0.8,96,4
hard,balanced,high,100,160,0.8,96,4
hard,balanced,high,100,160,0.8,96,4
hard,balanced,high,100,160,0.8,96,4
hard,balanced,high,100,160,0.8,96,4
hard,balanced,high,100,160,0.8,96,4
hard,balanced,high,100,160,0.8,96,4
hard,balanced,high,100,160,0.8,96,4
hard,balanced,high,100,160,0.8,96,4
hard,balanced,high,100,160,0.8,96,4
hard,balanced,high,100,160,0.8,96,4
hard,balanced,high,100,160,0.8,96,4
hard,balanced,high,100,160,0.8,96,4
hard,balanced,high,100,160,0.8,96,4
hard,balanced,high,100,160,0.8,96,4
hard,balanced,high,100,160,0.8,96,4
hard,balanced,high,100,160,0.8,96,4
hard,balanced,high,100,160,0.8,96,4
hard,balanced,high,100,160,0.8,96,4
hard,balanced,high,100,160,0.8,96,4
hard,balanced,high,100,160,0.8,96,4
hard,balanced,high,100,160,0.8,96,4
hard,balanced,high,100,160,0.8,96,4
hard,balanced,high,100,160,0.8,96,4
hard,balanced,high,100,160,0.8,96,4
hard,balanced,high,100,160,0.8,96,4
hard,balanced,high,100,160,0.8,96,4
hard,balanced,high,100,160,0.8,96,4
hard,balanced,high,100,160,0.8,96,4
hard,balanced,high,100,160,0.8,96,4
hard,balanced,high,100,160,0.8,96,4
hard,balanced,high,100,160,0.8,96,4
hard,balanced,high,100,160,0.8,96,4
hard,balanced,high,100,160,0.8,96,4
hard,balanced,high,100,160,0.8,96,4
hard,balanced,high,100,160,0.8,96,4
hard,balanced,high,100,160,0.8,96,4
hard,balanced,high,100,160,0.8,96,4
hard,balanced,high,100,160,0.8,96,4
hard,balanced,high,100,160,0.8,96,4
hard,balanced,high,100,160,0.8,96,4
hard,balanced,high,100,160,0.8,96,4
hard,balanced,high,100,160,0.8,96,4
hard,balanced,high,100,160,0.8,96,4
hard,balanced,high,100,160,0.8,96,4
hard,balanced,high,100,160,0.8,96,4
hard,balanced,high,100,160,0.8,96,4
hard,balanced,high,100,160,0.8,96,4
hard,balanced,high,100,160,0.8,96,4
hard,balanced,high,100,160,0.8,96,4
hard,balanced,high,100,160,0.8,96,4
hard,balanced,high,100,160,0.8,96,4
hard,balanced,high,100,160,0.8,96,4
hard,balanced,high,100,160,0.8,96,4
hard,balanced,high,100,160,0.8,96,4
hard,balanced,high,100,160,0.8,96,4
hard,balanced,high,100,160,0.8,96,4
hard,balanced,high,100,160,0.8,96,4
hard,balanced,high,100,160,0.8,96,4
hard,balanced,high,100,160,0.8,96,4
